event_date,close_price_usd,market_cap_usd,volume_usd
2015-08-07 00:00:00 UTC,1.33075,0,90622
2015-08-08 00:00:00 UTC,0.6875857090838133,80339475,368070
2015-08-10 00:00:00 UTC,1.067378879429946,41556309.21112176,400464.0745435489
2015-08-11 00:00:00 UTC,1.256613175101658,64539006.306272194,1518998.2053373822
2015-08-12 00:00:00 UTC,1.825395446319752,76013261.05415402,2073893.3450314845
2015-08-13 00:00:00 UTC,1.825974891355639,110468836.22388984,4380142.704000345
2015-08-14 00:00:00 UTC,1.670949668937766,110555313.2602532,4355618.378552116
2015-08-15 00:00:00 UTC,1.476607254205028,101215246.3781064,2519633.2708181436
2015-08-16 00:00:00 UTC,1.20387143115441,89480939.24025029,3032657.656405736
2015-08-17 00:00:00 UTC,1.281393051659975,87313387.94547918,1880092.2147175823
2015-08-18 00:00:00 UTC,1.252738651679077,92957858.0620156,1696013.472335737
2015-08-19 00:00:00 UTC,1.484195074171873,90920695.86547752,1537200.8409894055
2015-08-20 00:00:00 UTC,1.40631477379752,107749185.84108424,2967730.5022106003
2015-08-21 00:00:00 UTC,1.380721536476638,102131022.8278611,1742881.8081502889
2015-08-22 00:00:00 UTC,1.355182100454404,100308763.78229792,914588.6539745613
2015-08-23 00:00:00 UTC,1.24657168269902,98488001.44464436,1610695.872750647
2015-08-24 00:00:00 UTC,1.160828327907264,90625948.31797116,696476.5553267623
2015-08-25 00:00:00 UTC,1.119639156482987,84423109.08066371,1053169.3862050483
2015-08-26 00:00:00 UTC,1.133690694008804,81454879.46968535,1151700.041593045
2015-08-27 00:00:00 UTC,1.188895698722608,82504022.8230964,681460.2394411361
2015-08-28 00:00:00 UTC,1.174343905252208,86549490.63266213,715178.7899308845
2015-08-29 00:00:00 UTC,1.322350879918967,85515599.87435573,607200.891453558
2015-08-30 00:00:00 UTC,1.353368417391325,96321049.6917207,1045589.321256734
2015-08-31 00:00:00 UTC,1.350786688734447,98608290.53954794,1197102.0492865555
2015-09-01 00:00:00 UTC,1.278810765308764,98446826.49425755,610368.2430900692
2015-09-02 00:00:00 UTC,1.262770719520856,93224371.25915022,629746.119316548
2015-09-03 00:00:00 UTC,1.269520099878085,92075482.6329798,583923.7452450913
2015-09-04 00:00:00 UTC,1.334976229386974,92596631.55333725,333502.66115673864
2015-09-05 00:00:00 UTC,1.29888313413515,97402782.61913484,350815.4668948872
2015-09-06 00:00:00 UTC,1.256223439965584,94801706.70501994,317470.0943419727
2015-09-07 00:00:00 UTC,1.236033260936938,91718481.31789044,487005.2028033498
2015-09-08 00:00:00 UTC,1.206529945086729,90274690.39947064,419148.8018252036
2015-09-09 00:00:00 UTC,1.167234841402144,88150718.66876175,367774.3318949896
2015-09-10 00:00:00 UTC,0.976509092691504,85308945.82326,639527.9174929534
2015-09-11 00:00:00 UTC,1.038203585306107,71394234.94958797,1901710.694902119
2015-09-12 00:00:00 UTC,0.9386521502557872,75931677.01254052,800623.2998453851
2015-09-13 00:00:00 UTC,0.87402296242848,68673818.80135794,658895.1959938455
2015-09-14 00:00:00 UTC,0.9418231857274298,63965969.21105757,739213.7259180878
2015-09-15 00:00:00 UTC,0.9032199195724052,68951445.2301325,725816.471124354
2015-09-16 00:00:00 UTC,0.8830787289063511,66147947.57992838,629370.0849072988
2015-09-17 00:00:00 UTC,0.8460709193872474,64693831.07862287,910704.9512256784
2015-09-18 00:00:00 UTC,0.8821037996855977,62003275.12077277,478606.3969218407
2015-09-19 00:00:00 UTC,0.9363277614869444,64666306.22983543,387803.6167124918
2015-09-20 00:00:00 UTC,0.9010928790890972,68666556.12460059,514836.10862474947
2015-09-21 00:00:00 UTC,0.8971422650551497,66105164.81214318,429253.50431215833
2015-09-22 00:00:00 UTC,0.8940475222994914,65835322.779180124,485738.9553869821
2015-09-23 00:00:00 UTC,0.8160373080893036,65633959.754653834,204065.4059008884
2015-09-24 00:00:00 UTC,0.7405192998515878,59927327.71396765,818263.068224302
2015-09-25 00:00:00 UTC,0.7778014991497727,54400658.247102216,901151.6190115964
2015-09-26 00:00:00 UTC,0.7213584231130563,57158415.438244216,379124.1859007531
2015-09-27 00:00:00 UTC,0.5830570046974366,53028193.82255717,408380.6390382605
2015-09-28 00:00:00 UTC,0.657832489515796,42874816.973063745,1214056.2117823916
2015-09-29 00:00:00 UTC,0.7347630535971914,48389042.902712226,936630.3296074624
2015-09-30 00:00:00 UTC,0.6858121897138929,54065419.507539704,640217.6226458604
2015-10-01 00:00:00 UTC,0.6762217338750541,50481342.52886205,588839.7815035215
2015-10-02 00:00:00 UTC,0.6874757575411915,49792779.28891763,220969.48495190177
2015-10-03 00:00:00 UTC,0.6675468579375702,50638684.01549935,163820.85347975112
2015-10-04 00:00:00 UTC,0.6282550742429386,49187272.3502002,104370.4507347284
2015-10-05 00:00:00 UTC,0.64565776230867,46307572.65224096,221647.2070678533
2015-10-06 00:00:00 UTC,0.6100126973575233,47605896.39364778,268523.03787593375
2015-10-07 00:00:00 UTC,0.6234833021554507,44984157.19104538,216715.5068486152
2015-10-08 00:00:00 UTC,0.650768764684828,45977519.79859987,310876.1441075317
2015-10-09 00:00:00 UTC,0.6297949417268295,47989631.2526218,379233.1220398259
2015-10-10 00:00:00 UTC,0.6370439806918999,46490996.55001768,145554.93808006204
2015-10-11 00:00:00 UTC,0.628787281832734,47026115.24213034,87074.79961764446
2015-10-12 00:00:00 UTC,0.6026272723327593,46416611.842303865,108895.52921643596
2015-10-13 00:00:00 UTC,0.517689435598842,44485499.29942276,297117.07710031554
2015-10-14 00:00:00 UTC,0.5614990042588522,38272635.02078042,944847.8047126096
2015-10-15 00:00:00 UTC,0.5331480200007419,41527413.54435173,376563.0715091993
2015-10-16 00:00:00 UTC,0.5490283089973744,39443831.31743269,247071.24723507115
2015-10-17 00:00:00 UTC,0.5184445473595721,40632190.61699083,317377.7617794195
2015-10-18 00:00:00 UTC,0.4870672984193326,38382124.41691709,133661.67045159836
2015-10-19 00:00:00 UTC,0.4329785990312485,36070935.31062339,240250.37656809337
2015-10-20 00:00:00 UTC,0.4397689744048958,32076052.631905656,352361.0618641571
2015-10-21 00:00:00 UTC,0.5654615066780281,32590298.008333907,599041.0131522977
2015-10-22 00:00:00 UTC,0.540737766800056,41918540.78268511,979304.0724230008
2015-10-23 00:00:00 UTC,0.5685737685118122,40100107.0136459,866798.4888542511
2015-10-24 00:00:00 UTC,0.6319388092249569,42179070.75754259,259157.66241063716
2015-10-25 00:00:00 UTC,0.7439579097275092,46895926.25706037,476617.738601437
2015-10-26 00:00:00 UTC,0.8544552504832845,55226993.78944921,1174026.819064362
2015-10-27 00:00:00 UTC,1.010409721259424,63451496.574236006,1887568.905929
2015-10-28 00:00:00 UTC,1.163748635576317,75057962.81264551,2447633.797627517
2015-10-29 00:00:00 UTC,1.041849054896385,86478981.5524642,2236842.210445422
2015-10-30 00:00:00 UTC,0.9070916284167456,77447839.42741764,2384549.998119618
2015-10-31 00:00:00 UTC,1.058541941291151,67453442.47710526,652271.5873221146
2015-11-01 00:00:00 UTC,0.955045860320044,78742733.24541084,603996.1990296076
2015-11-02 00:00:00 UTC,1.002344802929553,71066352.05814125,970665.6783058536
2015-11-03 00:00:00 UTC,0.9018086605486008,74613449.56251672,1878273.0109212757
2015-11-04 00:00:00 UTC,0.906601136813436,67152505.55125615,3218064.880847628
2015-11-05 00:00:00 UTC,0.9094421987209234,67532501.09696001,1202885.3800460403
2015-11-06 00:00:00 UTC,0.922482091197951,67767390.10082617,913629.1696859167
2015-11-07 00:00:00 UTC,1.030499514179018,68761146.27837914,904631.8699629814
2015-11-08 00:00:00 UTC,0.9958029845225516,76839299.32470989,1040086.754503368
2015-11-09 00:00:00 UTC,0.93483422190165,74277547.07634276,1972521.3874033373
2015-11-10 00:00:00 UTC,0.7887611772679245,69753492.14382021,865031.5412400892
2015-11-11 00:00:00 UTC,0.90074206650109,58873875.70678452,1243322.7527190507
2015-11-12 00:00:00 UTC,0.9040815579448992,67254888.20415637,826829.6689207307
2015-11-13 00:00:00 UTC,0.8842289054037304,67527257.40972713,545086.2658886773
2015-11-14 00:00:00 UTC,0.910825548196164,66066714.4889687,361586.11600976856
2015-11-15 00:00:00 UTC,0.933840783957846,68078325.7946219,432023.407831642
2015-11-16 00:00:00 UTC,0.9952733578828388,69812830.40735959,616346.9298519328
2015-11-17 00:00:00 UTC,0.9944285799213992,74440734.3005621,1128249.5445129166
2015-11-18 00:00:00 UTC,0.9514712892422664,74402718.74542972,687203.3331021931
2015-11-19 00:00:00 UTC,0.926803118959178,71212297.76056388,434385.481510446
2015-11-20 00:00:00 UTC,0.9735724342696528,69388368.57982641,606560.338362119
2015-11-21 00:00:00 UTC,0.96473853235469,72914368.80252853,454926.9190034523
2015-11-22 00:00:00 UTC,0.9452203362307195,72276339.25126061,371962.8833336563
2015-11-23 00:00:00 UTC,0.8993611354663962,70839197.81949022,437126.39426833094
2015-11-24 00:00:00 UTC,0.8677070917677269,67424299.39769948,354914.08621214016
2015-11-25 00:00:00 UTC,0.8948747707881739,65072847.332706206,708867.1776788787
2015-11-26 00:00:00 UTC,0.8707128002545287,67132055.60740013,959696.471943832
2015-11-27 00:00:00 UTC,0.9173987754375574,65341845.392888874,398595.4996438545
2015-11-28 00:00:00 UTC,0.8717449537893333,68868768.28657502,465064.93868912815
2015-11-29 00:00:00 UTC,0.8736009320890139,65463342.96555324,436939.13020833576
2015-11-30 00:00:00 UTC,0.8750039976447704,65624853.97047546,775372.5405749859
2015-12-01 00:00:00 UTC,0.8227337811375524,65752486.02943543,643109.8579217136
2015-12-02 00:00:00 UTC,0.8247651888810106,61844779.03171155,494205.89284799533
2015-12-03 00:00:00 UTC,0.8387909512811372,62018808.08501765,541681.1368684795
2015-12-04 00:00:00 UTC,0.8645837297560469,63094325.07829986,241947.49444270384
2015-12-05 00:00:00 UTC,0.8349924869606098,65056337.64166404,226084.41071520853
2015-12-06 00:00:00 UTC,0.8007502839259887,62850264.41510667,429681.2894745185
2015-12-07 00:00:00 UTC,0.8188527088752511,60292476.61320164,494657.61802976346
2015-12-08 00:00:00 UTC,0.7918293483107267,61675859.110314034,435966.80884823814
2015-12-09 00:00:00 UTC,0.8474422420390545,59661067.18085799,627128.9260492469
2015-12-10 00:00:00 UTC,0.9167389424445134,63872552.27588074,374543.00586710183
2015-12-11 00:00:00 UTC,0.9712583097472548,69119370.62718369,765839.8738111159
2015-12-12 00:00:00 UTC,0.9583031735578238,73250296.07272834,1385279.0437324098
2015-12-13 00:00:00 UTC,0.9954898346339888,72302484.28350292,279257.6104401555
2015-12-14 00:00:00 UTC,1.0170637001075,75133022.39506158,562723.38601539
2015-12-15 00:00:00 UTC,0.9889124423815732,76787012.60189861,573171.6204861925
2015-12-16 00:00:00 UTC,0.9402283251940492,74686005.22814946,207316.98728030303
2015-12-17 00:00:00 UTC,0.921171783109932,71033582.40629953,641112.3505143464
2015-12-18 00:00:00 UTC,0.9096329169325174,69616990.9878865,297866.39712775947
2015-12-19 00:00:00 UTC,0.9032316429089904,68767429.85047308,333313.4238328429
2015-12-20 00:00:00 UTC,0.8968062870238118,68305705.24538197,467489.5933259762
2015-12-21 00:00:00 UTC,0.8789593130596947,67842615.39188164,543846.3978062818
2015-12-22 00:00:00 UTC,0.8675654552724993,66514758.19337365,468144.5604338489
2015-12-23 00:00:00 UTC,0.861363016488459,65674405.654046126,333657.8603050268
2015-12-24 00:00:00 UTC,0.8707183439745884,65226512.003279686,353090.34035883
2015-12-25 00:00:00 UTC,0.8530178649009634,65957619.83793369,169208.7604895867
2015-12-26 00:00:00 UTC,0.8588870868776094,64637552.400460914,424123.09670471714
2015-12-27 00:00:00 UTC,0.8421696130307879,65104495.77797423,208247.21865890335
2015-12-28 00:00:00 UTC,0.8694878107781919,63858382.55360898,228592.5875954824
2015-12-29 00:00:00 UTC,0.9003543017405369,65951485.1558242,211396.56750766764
2015-12-30 00:00:00 UTC,0.9365399677803522,68315404.54669571,584414.4705682999
2015-12-31 00:00:00 UTC,0.9463133430749894,71083912.69961053,668846.07044826
2016-01-01 00:00:00 UTC,0.9381261621726148,71849843.66511223,202032.1333686356
2016-01-02 00:00:00 UTC,0.9721969755035614,71252107.9687766,252880.2353165073
2016-01-03 00:00:00 UTC,0.9592978352147374,73864483.22222728,402755.9084078687
2016-01-04 00:00:00 UTC,0.9531022411427652,72909192.00505088,341506.82136802946
2016-01-05 00:00:00 UTC,0.9684340117908704,72462361.87937805,217443.23809763335
2016-01-06 00:00:00 UTC,0.9589767803876824,73650960.93328463,328507.1523817127
2016-01-07 00:00:00 UTC,0.9955747811931686,72931723.30621576,642269.5176489778
2016-01-08 00:00:00 UTC,1.02478096778813,75767382.4398899,554403.4018238547
2016-01-09 00:00:00 UTC,1.01996585607406,78016544.33428131,254045.62911324683
2016-01-10 00:00:00 UTC,1.068726621062779,77676004.65241879,404315.93496207293
2016-01-11 00:00:00 UTC,1.167362900827917,81416101.6377075,1025253.0383450064
2016-01-12 00:00:00 UTC,1.12958834642001,88958959.89936547,2962550.3945903103
2016-01-13 00:00:00 UTC,1.157377553252501,86108971.48293594,1003321.3604582712
2016-01-14 00:00:00 UTC,1.21073546288485,88257219.96322113,731050.8483768429
2016-01-15 00:00:00 UTC,1.215691295024754,92329493.82516772,4049516.212452064
2016-01-16 00:00:00 UTC,1.321855711753408,92765190.35300171,2377737.1425659666
2016-01-17 00:00:00 UTC,1.39830112692888,100866229.13386132,1176009.00668505
2016-01-18 00:00:00 UTC,1.3769900190471,106770204.99600992,4073710.1202780646
2016-01-19 00:00:00 UTC,1.565411904541257,105177492.60810892,1684557.2914079635
2016-01-20 00:00:00 UTC,1.544691862235827,119608403.90910526,2899771.051018662
2016-01-21 00:00:00 UTC,1.471341822504971,118064297.75775222,1670627.3218903034
2016-01-22 00:00:00 UTC,1.692156284936261,112494896.69290043,1585027.991812104
2016-01-23 00:00:00 UTC,2.131691495370684,129390552.65124127,2212028.7971573095
2016-01-24 00:00:00 UTC,2.48139608647395,163090024.6945184,9578400.618786106
2016-01-25 00:00:00 UTC,2.086782726986503,189898537.77611715,10884776.210849363
2016-01-26 00:00:00 UTC,2.384501158704437,159744115.0673894,11669540.231742326
2016-01-27 00:00:00 UTC,2.519719734523484,182534589.0343229,7048626.2187527
2016-01-28 00:00:00 UTC,2.486203232055895,193030853.2041578,5043090.697552952
2016-01-29 00:00:00 UTC,2.437601273512591,190524391.8350728,6527897.661629626
2016-01-30 00:00:00 UTC,2.298766557449123,186862759.721514,3674090.3975050296
2016-01-31 00:00:00 UTC,2.221883059355513,176275775.71473008,5834817.706592737
2016-02-01 00:00:00 UTC,2.403111855327034,170434539.30474818,3991411.341435245
2016-02-02 00:00:00 UTC,2.515949933456795,184396131.5986807,3602402.308067327
2016-02-03 00:00:00 UTC,2.557178944302694,193120920.3597334,4030697.3392438097
2016-02-04 00:00:00 UTC,2.532878565491474,196350197.91323307,3532651.020271136
2016-02-05 00:00:00 UTC,2.517776369343559,194548161.01786965,2640353.6147680376
2016-02-06 00:00:00 UTC,2.950776113177157,193450250.47357807,1924574.718061702
2016-02-07 00:00:00 UTC,3.165335693696386,226795324.20954537,7099203.5519039435
2016-02-08 00:00:00 UTC,3.720453286688504,243366581.58299115,9781404.736808997
2016-02-09 00:00:00 UTC,4.427431437703359,286139280.9840226,16355217.945349474
2016-02-10 00:00:00 UTC,6.005000308112697,340624194.15097886,29316397.613274623
2016-02-11 00:00:00 UTC,5.475649283683189,462140079.76210976,28752968.923665255
2016-02-12 00:00:00 UTC,5.373284921940013,421542668.4566254,9902598.24407914
2016-02-13 00:00:00 UTC,5.169512436402438,413798928.6182676,25637385.479897276
2016-02-14 00:00:00 UTC,5.319058286377442,398234915.54443055,11552061.707776096
2016-02-15 00:00:00 UTC,4.368970122064963,409885035.83075976,13786358.783861184
2016-02-16 00:00:00 UTC,3.744022470740231,336781865.25572217,15444552.58629855
2016-02-17 00:00:00 UTC,4.397939042003922,288700599.2729368,14847989.04999859
2016-02-18 00:00:00 UTC,4.493895382965731,339233532.70569825,17707643.869024027
2016-02-19 00:00:00 UTC,4.301875677560981,346746765.74089813,7215680.13205692
2016-02-20 00:00:00 UTC,4.653970273276003,332040532.28508496,8703306.94050525
2016-02-21 00:00:00 UTC,5.608714257576696,359334417.7208708,6458218.23306439
2016-02-22 00:00:00 UTC,5.612091439849516,433193897.2217689,15140246.890369603
2016-02-23 00:00:00 UTC,6.134381259039694,433593972.8044955,13534870.66434678
2016-02-24 00:00:00 UTC,5.93625743323269,474102955.51858103,11396482.659191374
2016-02-25 00:00:00 UTC,5.897351626440898,458942242.84471726,20614025.807056963
2016-02-26 00:00:00 UTC,6.357091762158404,456082096.8564275,9515283.257397331
2016-02-27 00:00:00 UTC,6.440650848847282,491795616.48932266,8967228.051799431
2016-02-28 00:00:00 UTC,6.312028458049726,498424354.01221955,9683081.005927766
2016-02-29 00:00:00 UTC,7.560157049617909,488620056.2443799,7546069.554011689
2016-03-01 00:00:00 UTC,8.398318163034869,585403826.3853717,20945587.168326743
2016-03-02 00:00:00 UTC,9.504937042998195,650547162.2177418,29743237.911609612
2016-03-03 00:00:00 UTC,10.03776475108964,736507630.9102448,40441406.846499346
2016-03-04 00:00:00 UTC,10.93519773927983,778040245.1399581,35604151.84878607
2016-03-05 00:00:00 UTC,10.96466178163567,847886363.7817264,54303350.00956653
2016-03-06 00:00:00 UTC,9.397469868813554,850440219.9342833,41487265.46159489
2016-03-07 00:00:00 UTC,9.800690787314164,729122199.5218774,31891736.915083926
2016-03-08 00:00:00 UTC,11.97157975649351,760648959.2261459,26473661.601431254
2016-03-09 00:00:00 UTC,11.2064229700308,929438076.2759756,28637679.638494223
2016-03-10 00:00:00 UTC,11.20893669288255,870327228.7272445,26154096.467449
2016-03-11 00:00:00 UTC,13.37620667356022,870802676.0308328,21083465.444312476
2016-03-12 00:00:00 UTC,14.89359978457807,1039511436.039522,49863322.38648788
2016-03-13 00:00:00 UTC,12.28982460670519,1157819808.965224,41625885.68412731
2016-03-14 00:00:00 UTC,12.966897673599,955721344.445704,56738456.43221119
2016-03-15 00:00:00 UTC,12.52943314528079,1008754617.7585648,30654519.10842079
2016-03-16 00:00:00 UTC,10.956232214701,975104638.0634547,23016882.43185901
2016-03-17 00:00:00 UTC,10.79765033887468,856001603.1676563,41222397.150388725
2016-03-18 00:00:00 UTC,10.43953586817164,843946887.9342747,56331932.49799413
2016-03-19 00:00:00 UTC,10.21749097388716,816289545.7437397,26241552.22233686
2016-03-20 00:00:00 UTC,11.85112269425594,799245003.4284257,17365910.955602583
2016-03-21 00:00:00 UTC,11.31742767517068,927407651.003754,28692538.03850463
2016-03-22 00:00:00 UTC,12.40319150724304,886765230.0935057,19752147.756938808
2016-03-23 00:00:00 UTC,11.12762218636002,972225642.275035,19194415.657154
2016-03-24 00:00:00 UTC,10.64069143211582,872598276.4440267,25440037.393963
2016-03-25 00:00:00 UTC,10.96552244468764,834753145.0583116,13369781.43339712
2016-03-26 00:00:00 UTC,10.37751681820161,860590847.122157,9099232.99988865
2016-03-27 00:00:00 UTC,11.67625154039094,814770808.1488085,16296116.833151689
2016-03-28 00:00:00 UTC,11.73817083046575,917099302.4921898,23146182.980729047
2016-03-29 00:00:00 UTC,11.88228675953419,922332031.7043784,17227685.66894123
2016-03-30 00:00:00 UTC,11.35463054290018,934038009.0318996,18966041.620488863
2016-03-31 00:00:00 UTC,11.63607180334684,892916961.5825855,14483801.493105622
2016-04-01 00:00:00 UTC,11.5639776320382,915415691.5298438,11085851.666571325
2016-04-02 00:00:00 UTC,11.51238012010477,910108352.6203126,8250251.46099724
2016-04-03 00:00:00 UTC,11.18688123888369,906254482.4679868,6190954.954391588
2016-04-04 00:00:00 UTC,10.41948468988903,881135506.2361231,8612716.039295983
2016-04-05 00:00:00 UTC,10.66622342007389,821026031.4553995,19160809.10508679
2016-04-06 00:00:00 UTC,10.0295684039377,840796803.7682226,16326497.505610662
2016-04-07 00:00:00 UTC,9.758944911021471,790923840.975488,12647730.142575275
2016-04-08 00:00:00 UTC,9.899719595415824,769898368.4666554,14041839.904038262
2016-04-09 00:00:00 UTC,8.814617175830122,781106339.0553539,12961939.644313945
2016-04-10 00:00:00 UTC,8.66829211893249,695943784.1793737,42148631.996420056
2016-04-11 00:00:00 UTC,7.51681223420342,684660770.877576,14850316.572718466
2016-04-12 00:00:00 UTC,8.015604593105122,593949307.4480366,22286939.435105387
2016-04-13 00:00:00 UTC,8.43365602127963,633611436.0474921,30653780.43975513
2016-04-14 00:00:00 UTC,8.20613745870167,666925784.5002216,13178565.115089094
2016-04-15 00:00:00 UTC,8.555981966976974,649194329.0397049,11510142.230195371
2016-04-16 00:00:00 UTC,9.323170276346234,677141041.3390801,9164981.891612116
2016-04-17 00:00:00 UTC,8.960482405053712,738147546.3926145,23406128.933429755
2016-04-18 00:00:00 UTC,8.696773038727313,709720474.7865463,20650475.766265377
2016-04-19 00:00:00 UTC,8.484150722584234,689106961.8888905,11931697.805021904
2016-04-20 00:00:00 UTC,8.11104074507033,672532357.9918683,14929127.402227022
2016-04-21 00:00:00 UTC,7.855106665179344,643204549.648147,12241737.003326476
2016-04-22 00:00:00 UTC,8.377192623957283,623163882.7267805,12838519.618996318
2016-04-23 00:00:00 UTC,7.995361207240304,664843804.3114134,14263735.838354647
2016-04-24 00:00:00 UTC,7.812751656077315,634792414.6359913,10251449.903605144
2016-04-25 00:00:00 UTC,7.424663266229029,620380381.4729422,9849771.90571352
2016-04-26 00:00:00 UTC,7.724694549946334,589953549.0718942,17588527.338440873
2016-04-27 00:00:00 UTC,7.250216005225782,614038719.7664939,18898653.05760324
2016-04-28 00:00:00 UTC,7.47581760975781,576551379.9087085,10503191.403122593
2016-04-29 00:00:00 UTC,8.892970091837213,594731702.4822702,8232651.035704131
2016-04-30 00:00:00 UTC,8.832454372832895,707751631.3173722,36023474.61132939
2016-05-01 00:00:00 UTC,10.10782116866719,703213705.2833785,16329848.834566616
2016-05-02 00:00:00 UTC,9.285335810954496,805073117.8028661,40531647.2594358
2016-05-03 00:00:00 UTC,9.414136136064808,739862094.2932651,20068196.22374318
2016-05-04 00:00:00 UTC,9.82713017845644,750420702.3036536,16758119.374866204
2016-05-05 00:00:00 UTC,9.277042146778028,783653892.6075463,17630163.279848542
2016-05-06 00:00:00 UTC,9.38120289358462,740079043.0208727,20206557.47556278
2016-05-07 00:00:00 UTC,9.52920206226682,748684467.9155403,10242971.602412278
2016-05-08 00:00:00 UTC,9.353276545574158,760794311.5000647,14850766.415806817
2016-05-09 00:00:00 UTC,9.350283703928604,747045608.4385856,10349090.132607356
2016-05-10 00:00:00 UTC,9.981302920467384,747107780.4041426,8837274.15169184
2016-05-11 00:00:00 UTC,10.091492287586432,797843002.2628187,14650764.255450204
2016-05-12 00:00:00 UTC,10.585661577212786,806976736.4777818,22804335.07313709
2016-05-13 00:00:00 UTC,10.176098567981152,846829870.6061078,27489270.96990509
2016-05-14 00:00:00 UTC,9.960446892869545,814388813.0253446,18055946.18486381
2016-05-15 00:00:00 UTC,11.1336459827202,797447113.6994009,8453161.311741682
2016-05-16 00:00:00 UTC,12.157137161266911,891725938.6611807,27963225.28498735
2016-05-17 00:00:00 UTC,13.35361430554958,974091672.7174444,36364157.81238995
2016-05-18 00:00:00 UTC,14.71832475600216,1070392165.1001045,62651459.72818858
2016-05-19 00:00:00 UTC,13.69368343400459,1180254102.175352,53477909.077545226
2016-05-20 00:00:00 UTC,13.99924843857703,1098527825.600999,48337340.57185815
2016-05-21 00:00:00 UTC,14.248986066415837,1123480271.01703,24426995.172922097
2016-05-22 00:00:00 UTC,13.23503660198636,1143985930.6592455,17413663.620256484
2016-05-23 00:00:00 UTC,12.66434299000911,1063005899.322382,21271913.57732469
2016-05-24 00:00:00 UTC,12.50426452924122,1017513902.034196,41166028.01368196
2016-05-25 00:00:00 UTC,12.498353409631168,1005116816.0568345,25364775.557130534
2016-05-26 00:00:00 UTC,11.19174476153149,1005043803.4223616,19032556.07440177
2016-05-27 00:00:00 UTC,11.76324560569715,900334792.3619336,53491048.64137498
2016-05-28 00:00:00 UTC,12.38905213533701,946689008.4566064,44051409.767962486
2016-05-29 00:00:00 UTC,12.67843106889236,997114649.2059604,26254518.55363852
2016-05-30 00:00:00 UTC,14.00927375901662,1021153612.0329038,13289827.482192438
2016-05-31 00:00:00 UTC,13.857937834861248,1128785731.519008,39491270.92023739
2016-06-01 00:00:00 UTC,13.77433887468257,1117038106.127638,20161807.321217276
2016-06-02 00:00:00 UTC,13.8427358773047,1110747962.0861454,9543717.946969878
2016-06-03 00:00:00 UTC,13.697394260187224,1116709699.223147,21310804.97545615
2016-06-04 00:00:00 UTC,13.970529067786634,1105420836.374678,14233023.489212891
2016-06-05 00:00:00 UTC,13.942005553967729,1127904559.166551,9908484.139421096
2016-06-06 00:00:00 UTC,14.549216948648322,1126059079.2933495,7633717.194766483
2016-06-07 00:00:00 UTC,14.43177555298705,1175566661.3926558,19688483.52449011
2016-06-08 00:00:00 UTC,14.44062374394472,1166543234.5850923,14566862.117567817
2016-06-09 00:00:00 UTC,13.943733928604544,1167724056.8805668,6538415.617239344
2016-06-10 00:00:00 UTC,13.960460970231289,1127971788.6557844,9751904.43375697
2016-06-11 00:00:00 UTC,15.697007269686257,1129771063.2214296,9986576.468801256
2016-06-12 00:00:00 UTC,17.55275028575095,1270814827.7909074,34155133.25971257
2016-06-13 00:00:00 UTC,18.770374371361417,1421627594.3482137,33190471.728637412
2016-06-14 00:00:00 UTC,18.42185368743804,1520848128.9016523,57195562.16615153
2016-06-15 00:00:00 UTC,20.509400413759888,1493198806.5705338,16794245.386186022
2016-06-16 00:00:00 UTC,15.397397817568129,1663058590.2352068,33609803.05751324
2016-06-17 00:00:00 UTC,11.197136666677007,1249053416.9715872,176008430.131423
2016-06-18 00:00:00 UTC,12.23058702890821,908703581.3956258,121410542.50029658
2016-06-19 00:00:00 UTC,11.814834520499266,992977657.9993956,68987538.97211507
2016-06-20 00:00:00 UTC,12.984597875196858,959600009.086865,79924563.1953664
2016-06-21 00:00:00 UTC,12.737756210638716,1055028896.3957832,73815982.10368486
2016-06-22 00:00:00 UTC,13.676478995775716,1035382450.4098116,157698817.03531438
2016-06-23 00:00:00 UTC,13.94189690132606,1112128273.0865183,35210083.60811146
2016-06-24 00:00:00 UTC,14.276287720956573,1134160918.5765295,42975326.33415148
2016-06-25 00:00:00 UTC,13.845029961871877,1161808477.683748,13474760.65320482
2016-06-26 00:00:00 UTC,13.932543491059052,1127161866.113175,12716765.335899664
2016-06-27 00:00:00 UTC,12.295660556232374,1134738651.812568,9026418.664550114
2016-06-28 00:00:00 UTC,12.800496100256192,1001816707.4205686,38649828.67116688
2016-06-29 00:00:00 UTC,13.33562669996461,1043352935.7311049,24102058.67142671
2016-06-30 00:00:00 UTC,12.329645963731734,1087390815.1043506,25109656.26842844
2016-07-01 00:00:00 UTC,12.01798250397972,1005775062.8852906,16090108.0506086
2016-07-02 00:00:00 UTC,11.825161030775885,980549295.6466436,12572639.309558652
2016-07-03 00:00:00 UTC,11.421738727166776,965373887.5132512,8919743.27120069
2016-07-04 00:00:00 UTC,10.540860504216049,932812328.2042702,10816581.462869536
2016-07-05 00:00:00 UTC,10.51055993812399,861199508.1291671,40761274.601703286
2016-07-06 00:00:00 UTC,10.098931265626277,859068161.5290377,16042852.433356386
2016-07-07 00:00:00 UTC,11.39547874677082,825747093.0896322,13787778.16557356
2016-07-08 00:00:00 UTC,10.99572234732321,932118254.145362,17821594.496114336
2016-07-09 00:00:00 UTC,10.9572943395433,899784687.8420677,14035737.806230836
2016-07-10 00:00:00 UTC,10.515451706239658,896985032.1099088,4559501.88558977
2016-07-11 00:00:00 UTC,10.606193607117202,861156597.6960213,11938095.540816711
2016-07-12 00:00:00 UTC,10.489054686552205,868920981.0675113,8944484.246364418
2016-07-13 00:00:00 UTC,11.242970957141129,859665552.2352576,6087112.236380934
2016-07-14 00:00:00 UTC,11.32509705331988,921808085.7160168,13698700.023209212
2016-07-15 00:00:00 UTC,11.701716015155744,928901844.3372736,13798764.3887509
2016-07-16 00:00:00 UTC,11.314787410063753,960169025.1824888,10138776.97248824
2016-07-17 00:00:00 UTC,11.022556335862294,928781022.90923,20447413.599733796
2016-07-18 00:00:00 UTC,11.582501423627564,905150788.2259312,13898138.245649716
2016-07-19 00:00:00 UTC,12.152788273478947,951503951.3461838,20242192.241273765
2016-07-20 00:00:00 UTC,12.605917129706976,998549464.8233292,29894784.28435568
2016-07-21 00:00:00 UTC,14.319877369541702,1036388808.2886974,24473811.51309662
2016-07-22 00:00:00 UTC,14.389725342721574,1177755541.070433,72391413.22249371
2016-07-23 00:00:00 UTC,12.803851809790078,1183972887.7908795,72744516.35031606
2016-07-24 00:00:00 UTC,13.816630680711038,1053890906.6279504,71639748.40237246
2016-07-25 00:00:00 UTC,11.771641757280554,1137688271.2296822,33694267.533380985
2016-07-26 00:00:00 UTC,12.96633340222508,969670072.7276816,76432694.99620306
2016-07-27 00:00:00 UTC,12.883149607897325,1068505615.2937704,48754958.64137967
2016-07-28 00:00:00 UTC,12.840037637363167,1062067696.4315884,19481593.529681668
2016-07-29 00:00:00 UTC,12.547081780784822,1058924002.971218,10125341.279974584
2016-07-30 00:00:00 UTC,11.868408414551208,1035160533.0510788,8150653.892600032
2016-07-31 00:00:00 UTC,10.968397852276404,979546056.9825448,20238765.447837573
2016-08-01 00:00:00 UTC,8.352592747838974,905616046.061989,17147499.527635228
2016-08-02 00:00:00 UTC,10.22174781589873,689901283.219963,60708724.33736284
2016-08-03 00:00:00 UTC,11.032160216870205,844612892.2756267,44330639.67738887
2016-08-04 00:00:00 UTC,10.940014108153814,911931922.0513974,29307740.66438063
2016-08-05 00:00:00 UTC,10.898636348546455,904674489.3809133,10956639.34702048
2016-08-06 00:00:00 UTC,10.920308055489055,901592852.5380468,11692994.41648213
2016-08-07 00:00:00 UTC,11.245805121088916,903742755.7733908,11883004.411650596
2016-08-08 00:00:00 UTC,12.191218707659688,931042241.4656782,10967961.760577636
2016-08-09 00:00:00 UTC,12.141222798878122,1009705614.3654938,29672733.520185594
2016-08-10 00:00:00 UTC,11.988140188861896,1005960650.7643628,23499542.868399795
2016-08-11 00:00:00 UTC,11.973720126245912,993657810.965186,24164966.873272102
2016-08-12 00:00:00 UTC,11.577472667681942,992852191.9212196,24135899.78447133
2016-08-13 00:00:00 UTC,11.25990352208696,960366408.498685,6655535.198454872
2016-08-14 00:00:00 UTC,11.230807046622242,934377927.8960145,7543085.399330939
2016-08-15 00:00:00 UTC,10.25082244872534,932326143.2853824,5064027.898267308
2016-08-16 00:00:00 UTC,10.73534634440297,851307063.4618484,5249879.8049723925
2016-08-17 00:00:00 UTC,10.724216809737694,891887550.1509097,5256928.972461218
2016-08-18 00:00:00 UTC,10.718344718920152,891315247.0386077,4567012.374311765
2016-08-19 00:00:00 UTC,11.262754476834717,891164434.8398446,3192133.226690042
2016-08-20 00:00:00 UTC,11.154044310153234,936793411.747716,5076175.103616041
2016-08-21 00:00:00 UTC,11.061377388887204,928118646.4965856,3197471.3310449845
2016-08-22 00:00:00 UTC,11.012543081655863,920760944.831664,4831490.757852666
2016-08-23 00:00:00 UTC,11.013811994175525,917054933.5053087,4721007.823312022
2016-08-24 00:00:00 UTC,11.339127441192725,917509231.718938,3221362.082246617
2016-08-25 00:00:00 UTC,11.256812662022648,944980815.0070008,6231804.810184036
2016-08-26 00:00:00 UTC,11.14950758737516,938479976.3330712,4403460.384900961
2016-08-27 00:00:00 UTC,10.91304107690759,929893628.9463944,1903199.5609802415
2016-08-28 00:00:00 UTC,10.906290588906248,910522226.8620988,4055631.700066124
2016-08-29 00:00:00 UTC,11.21087731151844,910306587.9266042,5810173.643565886
2016-08-30 00:00:00 UTC,11.49662475092663,936081383.038874,5550355.265152284
2016-08-31 00:00:00 UTC,12.002877477501157,960315422.2529752,7446354.073382742
2016-09-01 00:00:00 UTC,12.09104280233147,1002979070.4858418,19546439.786958296
2016-09-02 00:00:00 UTC,11.797585220569804,1010736310.5378788,7683911.541524928
2016-09-03 00:00:00 UTC,11.662579543984544,986576697.726398,10099601.667450976
2016-09-04 00:00:00 UTC,11.751897477880805,975664137.5387732,5035842.952199199
2016-09-05 00:00:00 UTC,11.684755437748173,983510024.4105914,3788155.072558386
2016-09-06 00:00:00 UTC,11.550025415616256,978261092.6084976,4815696.850474364
2016-09-07 00:00:00 UTC,11.33639873415642,967355053.646816,4664621.634283545
2016-09-08 00:00:00 UTC,11.63011682103449,949823761.5796944,7944145.032547882
2016-09-09 00:00:00 UTC,12.117830861883728,974812003.5841372,3826059.408074749
2016-09-10 00:00:00 UTC,11.59605624659764,1016072616.831647,4731455.712652934
2016-09-11 00:00:00 UTC,11.84714198083278,972702164.2737088,6472336.880957989
2016-09-12 00:00:00 UTC,11.881729455789054,994145301.609289,4554653.825275872
2016-09-13 00:00:00 UTC,11.912008011075963,997422104.3891094,6637362.777464354
2016-09-14 00:00:00 UTC,11.901478405174704,1000350301.4766208,3846492.7555122753
2016-09-15 00:00:00 UTC,12.522369283417852,999855875.8932284,4500681.300284119
2016-09-16 00:00:00 UTC,12.68454280449742,1052421113.1733788,14494427.653257197
2016-09-17 00:00:00 UTC,12.369052139120052,1066458048.1588708,6237001.347482052
2016-09-18 00:00:00 UTC,13.160168063025644,1040236010.887626,18914756.790781923
2016-09-19 00:00:00 UTC,14.308046581659251,1107285960.0478551,11627825.01781064
2016-09-20 00:00:00 UTC,13.705179799911743,1204332733.2298677,28747263.944959663
2016-09-21 00:00:00 UTC,13.233802742993412,1154027780.2700548,25166170.46583509
2016-09-22 00:00:00 UTC,13.31899332421076,1114753105.9884236,23902556.17228226
2016-09-23 00:00:00 UTC,12.859605765847848,1122387371.9483435,7256064.666833526
2016-09-24 00:00:00 UTC,13.045598643367276,1084102058.9176946,7988975.03646825
2016-09-25 00:00:00 UTC,12.818746399021148,1100233097.311396,4488914.611269901
2016-09-26 00:00:00 UTC,13.074726797493888,1081499008.0468965,5602575.391137662
2016-09-27 00:00:00 UTC,13.313989439262564,1103562692.3435483,5399539.834538619
2016-09-28 00:00:00 UTC,13.09665700624727,1124190330.635389,6516563.112363243
2016-09-29 00:00:00 UTC,13.194818155480156,1106268658.338769,4241372.3389502475
2016-09-30 00:00:00 UTC,13.269827224677638,1114978390.1540408,4568583.2756650625
2016-10-01 00:00:00 UTC,13.19790993456276,1121767153.3880613,4727545.880665653
2016-10-02 00:00:00 UTC,13.470600090767412,1116158962.9099944,2764266.958777093
2016-10-03 00:00:00 UTC,13.261962214071206,1139675567.6165462,5821790.035410628
2016-10-04 00:00:00 UTC,13.056650848974805,1122448916.2531135,6702196.6980442945
2016-10-05 00:00:00 UTC,12.826128461125474,1105495725.0792377,6285719.065320643
2016-10-06 00:00:00 UTC,12.655679278508105,1086400169.4406376,9120081.098095492
2016-10-07 00:00:00 UTC,12.175874962913426,1072424202.4064465,6504030.816998282
2016-10-08 00:00:00 UTC,12.029519227976936,1032213087.4672256,8853947.552639049
2016-10-09 00:00:00 UTC,11.837832089591664,1020207839.2316508,5440893.661712
2016-10-10 00:00:00 UTC,11.750267273762638,1004236335.549423,9479462.92900281
2016-10-11 00:00:00 UTC,11.854687660404304,997294452.394914,8989864.764158806
2016-10-12 00:00:00 UTC,11.96064220847878,1006549794.2460624,7565516.582482849
2016-10-13 00:00:00 UTC,11.916089474549375,1015964123.7672852,6550532.31361221
2016-10-14 00:00:00 UTC,11.944605165006871,1012567915.6864122,3393733.0814907444
2016-10-15 00:00:00 UTC,11.930313388885365,1015379673.8239384,3047472.2344031925
2016-10-16 00:00:00 UTC,11.974984398539725,1014551965.601296,2051473.3981454277
2016-10-17 00:00:00 UTC,12.509511262679014,1018744183.391744,4329663.894079154
2016-10-18 00:00:00 UTC,11.973806158360992,1064628048.1422824,14699505.269326214
2016-10-19 00:00:00 UTC,12.016522079125744,1019440133.5922542,7727576.680042059
2016-10-20 00:00:00 UTC,12.090575972840435,1023487873.4228996,4811381.15158085
2016-10-21 00:00:00 UTC,12.045038278304451,1030182192.7281948,2496841.1791091952
2016-10-22 00:00:00 UTC,11.933800410433603,1026687902.3286452,3995386.223650696
2016-10-23 00:00:00 UTC,11.890535450541089,1017581341.656798,2843471.0792325726
2016-10-24 00:00:00 UTC,11.272711525960538,1014274172.0789354,2417942.610433313
2016-10-25 00:00:00 UTC,11.497257370206905,961902672.6889604,13528339.239714485
2016-10-26 00:00:00 UTC,11.456673402613983,981270911.3193352,6113958.130893516
2016-10-27 00:00:00 UTC,11.523584376027785,978335224.2052028,8682323.137549385
2016-10-28 00:00:00 UTC,10.336819684434698,984269328.3943176,8907341.45947652
2016-10-29 00:00:00 UTC,11.186557158904844,883346994.5449576,21618613.51080939
2016-10-30 00:00:00 UTC,10.88070260049341,956201948.7341646,12714282.56566218
2016-10-31 00:00:00 UTC,10.792187379279612,930359100.1537944,9254943.69991251
2016-11-01 00:00:00 UTC,10.783585401157609,923284106.0659811,17471506.378140815
2016-11-02 00:00:00 UTC,10.811630097854405,922879134.3461332,7632829.9444044735
2016-11-03 00:00:00 UTC,11.129995658864797,925622888.0829408,11623516.370152855
2016-11-04 00:00:00 UTC,11.066058259923684,953223436.315442,5924309.345130352
2016-11-05 00:00:00 UTC,10.920762843886132,948094434.475046,3076392.2948442292
2016-11-06 00:00:00 UTC,10.874200829423744,935993552.9610422,3218494.7703560493
2016-11-07 00:00:00 UTC,10.890105501340496,932357915.575492,2949427.1027813354
2016-11-08 00:00:00 UTC,10.664918162834825,934033643.8762664,4085085.3360599377
2016-11-09 00:00:00 UTC,10.519281388267029,915091038.306155,12761164.948392091
2016-11-10 00:00:00 UTC,10.29308735231344,902927283.1963692,2902119.1234792797
2016-11-11 00:00:00 UTC,9.664325241310054,883831055.7586268,4630773.4709864445
2016-11-12 00:00:00 UTC,10.110719459728225,830154646.5339867,7585168.214197377
2016-11-13 00:00:00 UTC,9.991652804266907,868826185.2627618,7517444.686251
2016-11-14 00:00:00 UTC,10.200083856801202,858907304.312002,2576156.680039528
2016-11-15 00:00:00 UTC,10.025367620097992,877146449.7853684,4844767.740034414
2016-11-16 00:00:00 UTC,9.96397798540216,862443066.8905919,7762025.46717357
2016-11-17 00:00:00 UTC,9.453697368045107,857469644.9666562,5552737.539381997
2016-11-18 00:00:00 UTC,9.66730580728121,813868305.3690429,8802335.674523208
2016-11-19 00:00:00 UTC,9.530496491166998,832570726.9340843,3851758.816579985
2016-11-20 00:00:00 UTC,9.575907932522316,821098057.2191805,4110666.001854235
2016-11-21 00:00:00 UTC,9.81249150160966,825310560.8512948,2465979.6564902803
2016-11-22 00:00:00 UTC,9.753493133033384,846010291.5384672,9216379.377587903
2016-11-23 00:00:00 UTC,9.180997416192705,841238275.5424864,3470748.2472650427
2016-11-24 00:00:00 UTC,9.335116893823114,792161484.4680631,13786747.083724402
2016-11-25 00:00:00 UTC,9.288306186526963,805772134.224589,6006996.215784014
2016-11-26 00:00:00 UTC,8.907402683417718,802029049.6889203,2161817.2787581105
2016-11-27 00:00:00 UTC,8.70845246717361,769442732.486036,6689742.924678162
2016-11-28 00:00:00 UTC,8.158494315710797,752553451.4139076,4477356.374190036
2016-11-29 00:00:00 UTC,8.650154047457612,705297428.006268,13917166.749888524
2016-11-30 00:00:00 UTC,8.439785438702646,748071852.89044,9134285.15725555
2016-12-01 00:00:00 UTC,7.637917965068979,730151014.1821295,4918051.799250141
2016-12-02 00:00:00 UTC,7.892622837022096,661018149.1755499,15380798.551991535
2016-12-03 00:00:00 UTC,7.469132189830329,683319039.0920178,10486224.197755983
2016-12-04 00:00:00 UTC,6.815609222087059,646883448.723041,6571191.489582562
2016-12-05 00:00:00 UTC,7.631916157246792,590496504.1573621,15221226.681976186
2016-12-06 00:00:00 UTC,8.13507798254848,661467705.6118599,56439748.77481539
2016-12-07 00:00:00 UTC,8.302596338463099,705334665.7063091,25080911.31709737
2016-12-08 00:00:00 UTC,8.504900484563588,720121915.7352629,12722352.036778716
2016-12-09 00:00:00 UTC,8.098585501342257,737938568.3108796,10533790.230199138
2016-12-10 00:00:00 UTC,8.214985823104497,702944255.6811203,5983385.689231349
2016-12-11 00:00:00 UTC,8.472511708508414,713308213.0334481,4100522.259354616
2016-12-12 00:00:00 UTC,8.35100726243699,735934880.9008343,6987403.012327321
2016-12-13 00:00:00 UTC,8.207853104398847,725643347.5173056,2905152.217437659
2016-12-14 00:00:00 UTC,7.770357969755126,713465176.9517916,3686497.057651392
2016-12-15 00:00:00 UTC,7.796626831717168,675681120.2742975,8295155.05874539
2016-12-16 00:00:00 UTC,7.820282701062171,678214580.9425403,2694314.912774315
2016-12-17 00:00:00 UTC,7.856185612715422,680519827.6040249,5469007.7856543865
2016-12-18 00:00:00 UTC,7.5922361645492975,683897439.864293,3489317.4199424963
2016-12-19 00:00:00 UTC,7.623783721340898,661159386.32716,3326290.3901573
2016-12-20 00:00:00 UTC,7.856099400557245,664148518.5948613,3764440.2234887206
2016-12-21 00:00:00 UTC,7.575643744053494,684634858.1163107,6468951.581053176
2016-12-22 00:00:00 UTC,7.201805732308588,660427962.7659905,12618111.15631556
2016-12-23 00:00:00 UTC,7.2227628476532,628063010.6930844,14660852.22607642
2016-12-24 00:00:00 UTC,7.2132341590915585,630117081.0725466,5396882.270456221
2016-12-25 00:00:00 UTC,7.268475378158216,629516509.2890977,6089953.448754245
2016-12-26 00:00:00 UTC,7.171806594177698,634564176.0517044,4090569.3333637784
2016-12-27 00:00:00 UTC,7.613307736356936,626352253.3784304,6649186.1155613605
2016-12-28 00:00:00 UTC,8.172329056763505,665151773.2559114,13844753.339093078
2016-12-29 00:00:00 UTC,8.15378652716307,714246947.4367769,20692130.79219313
2016-12-30 00:00:00 UTC,8.010852235417396,712888825.7382647,7751538.43158162
2016-12-31 00:00:00 UTC,8.064789989459687,700638437.1090508,3754739.209030752
2017-01-01 00:00:00 UTC,8.361286160728705,705615194.8270631,7811699.12614274
2017-01-02 00:00:00 UTC,9.626792384988086,731817457.4649888,8192075.241699923
2017-01-03 00:00:00 UTC,10.972252853086058,842886495.3799952,24617090.479933955
2017-01-04 00:00:00 UTC,10.115254241883068,961038889.8439156,30283873.09261184
2017-01-05 00:00:00 UTC,10.154658304812743,886296492.9314206,31832239.059713636
2017-01-06 00:00:00 UTC,9.824278869463066,890067630.5937623,23015612.49187432
2017-01-07 00:00:00 UTC,10.267836701334788,861427362.560421,15178458.281250304
2017-01-08 00:00:00 UTC,10.285955970375603,900645822.1454092,9726315.158380693
2017-01-09 00:00:00 UTC,10.523650713762722,902556769.2719904,18147872.43406206
2017-01-10 00:00:00 UTC,9.661693873756436,923748369.397242,8483903.665315015
2017-01-11 00:00:00 UTC,9.66715894243992,848391822.1686144,15650725.63529802
2017-01-12 00:00:00 UTC,9.650805118856487,849172695.9853683,10113120.406065958
2017-01-13 00:00:00 UTC,9.69526275179494,848042631.0951145,7919565.412407908
2017-01-14 00:00:00 UTC,9.785923385543578,852254946.1784115,4879177.658292587
2017-01-15 00:00:00 UTC,9.5212839167112,860534322.7461399,4332221.110583241
2017-01-16 00:00:00 UTC,10.258458296131916,837562733.6341596,5886593.4906641105
2017-01-17 00:00:00 UTC,10.125537740945934,902735897.6068892,14660002.940091308
2017-01-18 00:00:00 UTC,10.385306173596472,891354114.8712552,8053530.980182525
2017-01-19 00:00:00 UTC,10.549960559535752,914555495.2617246,6357101.908723087
2017-01-20 00:00:00 UTC,10.872633993948424,929384722.9448366,7935034.033635709
2017-01-21 00:00:00 UTC,10.745356049118469,958152131.942248,8840650.535766678
2017-01-22 00:00:00 UTC,10.751024402450716,947279384.7763176,5158451.375139222
2017-01-23 00:00:00 UTC,10.39908724840238,948113651.4735702,5620391.166760423
2017-01-24 00:00:00 UTC,10.471671231503688,917408215.3892528,5709572.008183221
2017-01-25 00:00:00 UTC,10.555255877288236,924140033.97176,5749423.917130453
2017-01-26 00:00:00 UTC,10.509979092454431,931851533.4501834,6557326.8506697165
2017-01-27 00:00:00 UTC,10.554962953815345,928178829.5799544,5497367.838993973
2017-01-28 00:00:00 UTC,10.430442595335876,932486646.1251798,5053699.38083557
2017-01-29 00:00:00 UTC,10.570411298387052,921810453.3952467,3291646.7339461427
2017-01-30 00:00:00 UTC,10.677298023363218,934513900.731524,5394044.15637189
2017-01-31 00:00:00 UTC,10.700989418222472,944300621.5689718,8686038.921618612
2017-02-01 00:00:00 UTC,10.81046108694813,946733901.535968,9511590.154111857
2017-02-02 00:00:00 UTC,10.937685579154774,956759156.4673628,6770261.660819854
2017-02-03 00:00:00 UTC,11.33331586102519,968360894.192527,8348606.141529283
2017-02-04 00:00:00 UTC,11.242238837962214,1003747585.8791432,10294011.746300206
2017-02-05 00:00:00 UTC,11.294016130984236,996031546.0667974,3675287.630848288
2017-02-06 00:00:00 UTC,11.433167440255266,1000976621.5619532,4068555.061902807
2017-02-07 00:00:00 UTC,11.33515301113578,1013517743.3509268,4749524.532223364
2017-02-08 00:00:00 UTC,10.9149639498315,1005343885.90633,6195998.7672163835
2017-02-09 00:00:00 UTC,11.275640644361795,968413072.7002904,13014114.532155838
2017-02-10 00:00:00 UTC,11.399125371500643,1000774841.3196372,8465560.862563102
2017-02-11 00:00:00 UTC,11.354164564644952,1012095683.2413528,5365544.876506018
2017-02-12 00:00:00 UTC,11.281947015245583,1008457060.9062704,4159375.2547445847
2017-02-13 00:00:00 UTC,12.972145045966515,1002404862.0123965,4407682.629750895
2017-02-14 00:00:00 UTC,12.934716009243267,1152983307.7665763,31343305.129852153
2017-02-15 00:00:00 UTC,12.835968798993129,1150065646.2625835,12601119.248384409
2017-02-16 00:00:00 UTC,12.7034838481457,1141695360.3501627,10436344.691817228
2017-02-17 00:00:00 UTC,12.816285332013342,1130310857.329892,7412007.524208957
2017-02-18 00:00:00 UTC,12.775445603327524,1140747285.336553,5979769.378102808
2017-02-19 00:00:00 UTC,12.750223774537398,1137511955.6917048,5083526.063930682
2017-02-20 00:00:00 UTC,12.73614094049859,1135537849.161545,6982638.937362893
2017-02-21 00:00:00 UTC,12.600296405431427,1134283628.73708,12724890.253553009
2017-02-22 00:00:00 UTC,13.15516545737877,1122185283.3355997,6874100.081802634
2017-02-23 00:00:00 UTC,13.071871231178674,1171602048.167043,8909149.88275321
2017-02-24 00:00:00 UTC,13.546938608109643,1165941515.2567716,13610109.54373934
2017-02-25 00:00:00 UTC,14.547676188997867,1208749236.7164545,12468242.903672196
2017-02-26 00:00:00 UTC,15.358690360839049,1298504264.2843328,13782004.348183315
2017-02-27 00:00:00 UTC,15.702781231900772,1371373069.7338753,20501520.187154144
2017-02-28 00:00:00 UTC,17.168029711638418,1402597198.622161,43441932.36968612
2017-03-01 00:00:00 UTC,18.993581792674195,1534004366.1496954,26801192.633228768
2017-03-02 00:00:00 UTC,19.58574948053123,1697730102.3249254,63520413.50856188
2017-03-03 00:00:00 UTC,18.63867345258356,1751276476.8602574,63619640.04357912
2017-03-04 00:00:00 UTC,19.24736465998675,1667171877.3033454,17012295.23543211
2017-03-05 00:00:00 UTC,19.670705614004156,1722225376.4707189,16685230.67871547
2017-03-06 00:00:00 UTC,18.82733332066123,1760717955.0918417,19157704.333576992
2017-03-07 00:00:00 UTC,16.7497435780077,1685811625.6439984,22162502.616289888
2017-03-08 00:00:00 UTC,17.632128818481693,1500309874.2410994,25853719.80005299
2017-03-09 00:00:00 UTC,19.26359042821057,1579882452.1833007,19983777.62089817
2017-03-10 00:00:00 UTC,21.396413225585537,1726669640.058529,57671666.8607414
2017-03-11 00:00:00 UTC,23.09884795827443,1918511338.945731,49677899.622201264
2017-03-12 00:00:00 UTC,28.4460651994335,2071872695.7437224,49928738.77542156
2017-03-13 00:00:00 UTC,28.53666459127697,2552384188.382959,171741714.0352735
2017-03-14 00:00:00 UTC,34.19736420741617,2561402786.7498617,70373909.66103722
2017-03-15 00:00:00 UTC,39.86185607085268,3070584067.9730344,116848018.75719891
2017-03-16 00:00:00 UTC,44.06729598863206,3580085215.1633782,278693085.2513411
2017-03-17 00:00:00 UTC,32.26798526618718,3959577512.5822687,334923528.91465944
2017-03-18 00:00:00 UTC,44.08879749579081,2900403757.617106,151727339.68589038
2017-03-19 00:00:00 UTC,41.86369288259116,3964282980.887029,151889492.84525648
2017-03-20 00:00:00 UTC,42.47845801399063,3765537571.6064487,100344408.21407366
2017-03-21 00:00:00 UTC,41.262612537182946,3822148614.067184,59182511.95934919
2017-03-22 00:00:00 UTC,43.274929979555615,3714048002.047513,66568697.13198635
2017-03-23 00:00:00 UTC,50.894791438930966,3896515676.7178783,64280704.82629739
2017-03-24 00:00:00 UTC,50.678966487888445,4584161758.556292,186199954.72870487
2017-03-25 00:00:00 UTC,50.049454214237386,4566322356.351229,161617494.53457117
2017-03-26 00:00:00 UTC,49.017113803037155,4511139438.293101,85306682.68239024
2017-03-27 00:00:00 UTC,50.259542864330534,4419631301.180356,72421320.02870055
2017-03-28 00:00:00 UTC,52.84379426461343,4533191634.755726,63445924.96171639
2017-03-29 00:00:00 UTC,52.31317520901979,4767901725.458708,94092094.51316191
2017-03-30 00:00:00 UTC,49.9646672803426,4721666246.305043,51703487.39219208
2017-03-31 00:00:00 UTC,50.42578760723248,4511239008.808598,93559373.29078574
2017-04-01 00:00:00 UTC,48.37846727683558,4554446900.250353,57319943.03719086
2017-04-02 00:00:00 UTC,43.57923995912754,4371028141.496852,86493796.3560341
2017-04-03 00:00:00 UTC,41.79779504583054,3938736158.3307056,107658222.89744817
2017-04-04 00:00:00 UTC,45.59029505235176,3779040762.106836,94009509.9101336
2017-04-05 00:00:00 UTC,42.978525212227865,4123329711.602928,77394936.33704934
2017-04-06 00:00:00 UTC,42.40137665621101,3888436554.318116,83596063.24955817
2017-04-07 00:00:00 UTC,44.50128438718912,3837553639.6237936,45710556.43334019
2017-04-08 00:00:00 UTC,44.1907610730727,4028965746.705344,47830509.431582466
2017-04-09 00:00:00 UTC,43.90534128958704,4001279550.297905,23843828.235415436
2017-04-10 00:00:00 UTC,43.85889483882994,3977660680.7776713,30011146.706036303
2017-04-11 00:00:00 UTC,46.197883489516954,3974803439.6935434,24362779.834156487
2017-04-12 00:00:00 UTC,49.7503375730287,4188162262.675274,64060330.38766039
2017-04-13 00:00:00 UTC,47.56205172159332,4511719460.307157,105834573.1245954
2017-04-14 00:00:00 UTC,49.122793411699824,4314764267.296191,57312861.70789763
2017-04-15 00:00:00 UTC,48.70871927867354,4457826105.639198,44031479.42837937
2017-04-16 00:00:00 UTC,48.34641781155764,4421737497.550737,18940687.571405288
2017-04-17 00:00:00 UTC,50.759170818800456,4390331578.008309,29334200.22162203
2017-04-18 00:00:00 UTC,48.1594963219902,4610962772.624808,46490458.14501291
2017-04-19 00:00:00 UTC,50.065253649182445,4376229928.945044,49801919.05302366
2017-04-20 00:00:00 UTC,48.80173571247641,4550946376.025764,51865276.227512024
2017-04-21 00:00:00 UTC,49.0798706465032,4437559543.365543,29790338.033409435
2017-04-22 00:00:00 UTC,50.60871348408776,4464325598.471732,25473890.075759377
2017-04-23 00:00:00 UTC,51.09741863901202,4604950657.5048485,29345869.98540767
2017-04-24 00:00:00 UTC,50.97375547481341,4650945908.7491455,41775081.579924054
2017-04-25 00:00:00 UTC,54.87817856677162,4641256266.642054,29265025.365697548
2017-04-26 00:00:00 UTC,63.95735376256868,4998350382.018841,90529456.77094632
2017-04-27 00:00:00 UTC,73.0109629151518,5827188142.875711,186806133.133835
2017-04-28 00:00:00 UTC,70.45153824766224,6654236244.652257,270510184.7218242
2017-04-29 00:00:00 UTC,79.8025539393512,6423030318.594092,126594019.26335718
2017-04-30 00:00:00 UTC,76.84617780144701,7277893964.101945,173218958.1717786
2017-05-01 00:00:00 UTC,77.34604386935915,7010408300.280772,290126273.0476898
2017-05-02 00:00:00 UTC,80.9294915785314,7058413636.898035,138794895.4622068
2017-05-03 00:00:00 UTC,94.11226519917764,7387794149.972096,115183975.0640192
2017-05-04 00:00:00 UTC,91.16038713753753,8594013017.409878,269928948.78367954
2017-05-05 00:00:00 UTC,96.42767965195394,8327157234.552608,233798440.2494529
2017-05-06 00:00:00 UTC,89.73967947914684,8811175463.021584,95042529.8296724
2017-05-07 00:00:00 UTC,87.94812005196805,8202729258.547628,109489063.89598095
2017-05-08 00:00:00 UTC,87.50244390780135,8041549109.429107,166178760.5428186
2017-05-09 00:00:00 UTC,88.41058886851773,8003377431.08859,258922158.28469768
2017-05-10 00:00:00 UTC,88.45664874349296,8089058133.497479,109313275.86282022
2017-05-11 00:00:00 UTC,88.18109149325619,8095903577.443339,94641972.77458183
2017-05-12 00:00:00 UTC,89.13893167771396,8073353519.484268,90420897.82119603
2017-05-13 00:00:00 UTC,90.05504056395782,8163626646.569916,59897616.43618652
2017-05-14 00:00:00 UTC,90.50413159922428,8250106526.458163,48280690.88076472
2017-05-15 00:00:00 UTC,87.09148558444505,8293823327.380839,118176219.01917157
2017-05-16 00:00:00 UTC,88.21316751381906,7983587476.027811,96955301.31501137
2017-05-17 00:00:00 UTC,96.625846229828,8088870648.097549,116563051.53420986
2017-05-18 00:00:00 UTC,122.16278299258484,8862576243.544483,148398962.68830538
2017-05-19 00:00:00 UTC,123.02820305804212,11208881844.541496,380753404.2666354
2017-05-20 00:00:00 UTC,148.65732047983943,11291783022.019232,211606740.9892516
2017-05-21 00:00:00 UTC,153.99006380727735,13648265757.584175,362117265.2049605
2017-05-22 00:00:00 UTC,171.08002832171815,14142415430.12708,733476989.0001667
2017-05-23 00:00:00 UTC,190.4258131714612,15715507206.448889,314107904.8358022
2017-05-24 00:00:00 UTC,176.81781507886726,17498667475.10237,465231566.895268
2017-05-25 00:00:00 UTC,162.94448638549966,16254143683.05323,455310601.9269435
2017-05-26 00:00:00 UTC,159.05524764233746,14983523257.18021,320845434.46142286
2017-05-27 00:00:00 UTC,172.3406699356334,14630471573.0945,524489553.9146857
2017-05-28 00:00:00 UTC,196.0785933386944,15857470558.37399,275566686.9159719
2017-05-29 00:00:00 UTC,230.79837139121355,18047458437.093563,317142762.9142854
2017-05-30 00:00:00 UTC,231.3721267127112,21249999565.212257,820279582.1697654
2017-05-31 00:00:00 UTC,221.82807122254025,21309492258.258083,649753307.2629591
2017-06-01 00:00:00 UTC,224.31670548594505,20436692118.01529,438784642.5121543
2017-06-02 00:00:00 UTC,225.39759443485244,20671991234.40535,226780300.74337015
2017-06-03 00:00:00 UTC,247.4275410848339,20777803231.835773,199543169.93195236
2017-06-04 00:00:00 UTC,248.93012523209245,22815254964.73613,405540899.4145627
2017-06-05 00:00:00 UTC,266.13970806704395,22960811912.55524,233840017.2903393
2017-06-06 00:00:00 UTC,256.21892337063565,24555497266.27736,421823672.7720283
2017-06-07 00:00:00 UTC,260.3415097477362,23647279711.56615,231988781.8625898
2017-06-08 00:00:00 UTC,280.333547997722,24034963007.9528,181079369.60149828
2017-06-09 00:00:00 UTC,337.7921754587072,25888383498.268276,268066729.9629765
2017-06-10 00:00:00 UTC,341.0796489185503,31204109902.87976,801852630.5281926
2017-06-11 00:00:00 UTC,398.4307850845948,31517336371.290997,636143278.2379793
2017-06-12 00:00:00 UTC,389.9448221775502,36827986612.086975,1421483466.375218
2017-06-13 00:00:00 UTC,347.78135772227546,36054646089.31767,735420495.2051558
2017-06-14 00:00:00 UTC,346.36906994261665,32166013290.58264,564686366.697392
2017-06-15 00:00:00 UTC,358.2845168676378,32045187612.760445,1019438927.4375796
2017-06-16 00:00:00 UTC,372.3570110185702,33157744080.501328,404203523.11443627
2017-06-17 00:00:00 UTC,359.4387121135216,34470617407.87629,299739757.59496593
2017-06-18 00:00:00 UTC,362.0442891370599,33285012838.7317,315402069.35223436
2017-06-19 00:00:00 UTC,358.0532310647092,33536649090.290455,255793325.43759757
2017-06-20 00:00:00 UTC,327.8909356942679,33172832683.333572,517663237.25955987
2017-06-21 00:00:00 UTC,326.9598139741636,30390293651.200687,719062539.4411728
2017-06-22 00:00:00 UTC,331.9138051489657,30312664724.45932,373363641.5631702
2017-06-23 00:00:00 UTC,310.05462840596994,30780636114.235588,217363813.30567747
2017-06-24 00:00:00 UTC,288.04702626534885,28761584162.47397,216259454.09568173
2017-06-25 00:00:00 UTC,258.91946273454556,26727797729.147892,492617160.2802557
2017-06-26 00:00:00 UTC,280.8130146788337,24031469340.43858,892409899.091193
2017-06-27 00:00:00 UTC,317.2936774724324,26071528057.27424,739337521.914465
2017-06-28 00:00:00 UTC,300.18215256198584,29466974350.047752,735209015.2786213
2017-06-29 00:00:00 UTC,284.69108328848546,27885580759.15084,467820573.9428333
2017-06-30 00:00:00 UTC,262.47807335859795,26454457715.02758,359285362.4912947
2017-07-01 00:00:00 UTC,286.1336070099866,24397386527.037548,364629591.9530462
2017-07-02 00:00:00 UTC,278.5971953381099,26603794019.452686,352969409.70496273
2017-07-03 00:00:00 UTC,269.7366305781692,25910676121.598396,244798911.4174002
2017-07-04 00:00:00 UTC,265.9369454655199,25093983117.385654,239212708.08591032
2017-07-05 00:00:00 UTC,267.4697236476019,24747605746.348022,269182917.884202
2017-07-06 00:00:00 UTC,241.4766205298395,24892807780.231613,182999371.28307688
2017-07-07 00:00:00 UTC,246.2149709732745,22473685750.315968,257098223.16767168
2017-07-08 00:00:00 UTC,238.75431849081664,22932342735.97489,237052454.07736257
2017-07-09 00:00:00 UTC,210.5281972798413,22243889410.90692,126590931.37364098
2017-07-10 00:00:00 UTC,194.33493649003975,19619308390.378407,411832452.472758
2017-07-11 00:00:00 UTC,222.13885617231483,18114890100.247456,628400853.3093524
2017-07-12 00:00:00 UTC,206.41325042813503,20711938391.132465,480090644.3759754
2017-07-13 00:00:00 UTC,197.96945236247697,19250616800.120193,311100836.347462
2017-07-14 00:00:00 UTC,171.77744094493255,18467839703.61626,282809496.9510771
2017-07-15 00:00:00 UTC,156.46899162898947,16028622412.657797,245487302.92215428
2017-07-16 00:00:00 UTC,188.3527773486568,14603949935.719194,594995539.910624
2017-07-17 00:00:00 UTC,228.50328003667275,17584242919.82978,527360935.2359769
2017-07-18 00:00:00 UTC,199.59051553264695,21338075701.63201,979531260.0237656
2017-07-19 00:00:00 UTC,223.4613483872583,18643050491.147617,769335320.255077
2017-07-20 00:00:00 UTC,217.08647395834424,20878190202.346775,731711069.5424181
2017-07-21 00:00:00 UTC,231.14352894295095,20287767362.233944,390393974.2217934
2017-07-22 00:00:00 UTC,226.7185992848529,21607085358.114548,229970082.7943966
2017-07-23 00:00:00 UTC,224.9134070934211,21198900249.379704,204467773.72653127
2017-07-24 00:00:00 UTC,206.81050478775015,21035610498.530434,144284203.8135455
2017-07-25 00:00:00 UTC,200.3285558009793,19347591148.68737,358021108.5784135
2017-07-26 00:00:00 UTC,203.18932178158303,18746083965.65017,291270680.5567596
2017-07-27 00:00:00 UTC,192.58568390577597,19018740572.79166,155763232.69062254
2017-07-28 00:00:00 UTC,205.51111919711505,18030982561.483517,312701503.6657654
2017-07-29 00:00:00 UTC,197.19896347978235,19246182898.41244,420378363.7250074
2017-07-30 00:00:00 UTC,203.28719634179097,18472631835.069103,278403491.47329795
2017-07-31 00:00:00 UTC,227.08056705038587,19047827948.6107,256040954.6827099
2017-08-01 00:00:00 UTC,219.05792926762416,21282137210.92791,794803694.1987914
2017-08-02 00:00:00 UTC,224.86795657659744,20534872983.74952,310747315.777984
2017-08-03 00:00:00 UTC,221.67495953018923,21084238670.106236,229219665.889338
2017-08-04 00:00:00 UTC,253.1556661233005,20789568173.053577,203505640.27122915
2017-08-05 00:00:00 UTC,263.2220861638244,23747316372.895435,615120367.3016751
2017-08-06 00:00:00 UTC,268.49662903477497,24697194959.234104,640103600.4602818
2017-08-07 00:00:00 UTC,295.14709831672786,25197894463.869022,435385633.8349678
2017-08-08 00:00:00 UTC,297.0696048197405,27705377543.833405,678573131.3986272
2017-08-09 00:00:00 UTC,296.7767240757822,27892280499.832973,1197172634.0328116
2017-08-10 00:00:00 UTC,306.826433219032,27871169339.54446,448574816.64381045
2017-08-11 00:00:00 UTC,308.625531335255,28821677184.531666,411643039.51414186
2017-08-12 00:00:00 UTC,297.15980274719976,28997352513.86263,485474525.24875605
2017-08-13 00:00:00 UTC,296.3972895244633,27926704137.990173,689079789.7596157
2017-08-14 00:00:00 UTC,288.4507671723357,27861579961.952854,384478726.7916482
2017-08-15 00:00:00 UTC,300.0393294082391,27120920523.5159,526951176.2194243
2017-08-16 00:00:00 UTC,300.5703437604035,28217360455.396397,640592816.9629201
2017-08-17 00:00:00 UTC,296.114635373622,28267299986.36243,641280744.7518665
2017-08-18 00:00:00 UTC,296.6220895183796,27861556924.972927,590470398.7743214
2017-08-19 00:00:00 UTC,295.17157732771335,27916001533.15132,553702157.2699106
2017-08-20 00:00:00 UTC,322.2012201364436,27786029857.799793,342822961.8711704
2017-08-21 00:00:00 UTC,312.1744705574116,30337762878.381535,1743909692.665895
2017-08-22 00:00:00 UTC,316.7889202107443,29400686225.9616,898344262.6106703
2017-08-23 00:00:00 UTC,321.7852984049241,29842462532.356785,466474643.49241275
2017-08-24 00:00:00 UTC,329.0252809929819,30320399298.40048,397752658.9354108
2017-08-25 00:00:00 UTC,329.86578262442157,31008765515.118908,451950699.05019414
2017-08-26 00:00:00 UTC,343.34133712814116,31031409011.107296,333839327.838868
2017-08-27 00:00:00 UTC,344.2011314209417,32370755160.220387,370052131.9873907
2017-08-28 00:00:00 UTC,366.809589912788,32458167725.59819,519874393.4238931
2017-08-29 00:00:00 UTC,378.90633073469184,34597128016.55826,767166476.1357825
2017-08-30 00:00:00 UTC,382.9344507545728,35745271112.44432,852991842.1703743
2017-08-31 00:00:00 UTC,386.3430570009356,36132449087.43318,414360266.00919527
2017-09-01 00:00:00 UTC,346.3987754868897,36461379831.851746,505643412.793286
2017-09-02 00:00:00 UTC,349.92924044114534,32698140251.89353,958653961.776176
2017-09-03 00:00:00 UTC,299.7173318855491,33037915918.358833,671189521.5578377
2017-09-04 00:00:00 UTC,318.9728041158723,28302865423.90704,1278523027.0732577
2017-09-05 00:00:00 UTC,333.20632999273016,30127332537.80147,1099567125.3565156
2017-09-06 00:00:00 UTC,329.4156625176296,31478005326.47652,672471698.8217244
2017-09-07 00:00:00 UTC,304.47510826802426,31126200677.32708,431394249.7466129
2017-09-08 00:00:00 UTC,299.6944444705654,28775477244.445538,660392679.7301207
2017-09-09 00:00:00 UTC,292.7796567856866,28329354911.608036,315515992.3564483
2017-09-10 00:00:00 UTC,296.4753988432914,27681278352.42371,456818455.0948669
2017-09-11 00:00:00 UTC,290.58653195906925,28036287702.51409,363007787.8441453
2017-09-12 00:00:00 UTC,277.33365793127047,27485022514.19706,583871859.8283461
2017-09-13 00:00:00 UTC,214.3117136334975,26236732489.431683,721738885.8360373
2017-09-14 00:00:00 UTC,246.9218572871298,20278768201.760017,929861557.1062984
2017-09-15 00:00:00 UTC,244.80561175288247,23369190516.539547,1617179859.467345
2017-09-16 00:00:00 UTC,249.66654597502836,23173710726.76121,586258300.894896
2017-09-17 00:00:00 UTC,287.96109568877347,23638636295.481937,336444511.1569665
2017-09-18 00:00:00 UTC,280.4456323420793,27269907986.777264,935880977.9429078
2017-09-19 00:00:00 UTC,279.4176492108516,26563613422.607845,518505103.8522604
2017-09-20 00:00:00 UTC,257.465074465559,26471592194.703312,322301352.00916153
2017-09-21 00:00:00 UTC,263.46977368373445,24396830727.284477,470196974.0552085
2017-09-22 00:00:00 UTC,283.22215899335055,24969981050.95096,343728639.336796
2017-09-23 00:00:00 UTC,280.68104473460187,26846246384.287216,365565238.5447601
2017-09-24 00:00:00 UTC,288.0857009417575,26609714675.1668,473679365.7914858
2017-09-25 00:00:00 UTC,283.9294530726591,27316005855.910435,367147869.4968357
2017-09-26 00:00:00 UTC,302.1518453516756,26926232192.184574,240690671.2951268
2017-09-27 00:00:00 UTC,294.3138380117381,28658972908.46477,394839374.31574607
2017-09-28 00:00:00 UTC,288.11459689868053,27919976584.315685,344032408.65444744
2017-09-29 00:00:00 UTC,297.2689355700251,27336170625.13594,401420308.2527799
2017-09-30 00:00:00 UTC,299.6748890236153,28209139740.688995,234494285.9120729
2017-10-01 00:00:00 UTC,295.8400297394862,28442001971.008823,208656622.10220405
2017-10-02 00:00:00 UTC,292.2107206992577,28082506249.729813,228753338.771096
2017-10-03 00:00:00 UTC,293.0357027858311,27742435562.94357,213674545.194013
2017-10-04 00:00:00 UTC,293.71934612048636,27825239443.20582,167895948.31847614
2017-10-05 00:00:00 UTC,307.7089805559562,27894664349.155266,166289551.89366713
2017-10-06 00:00:00 UTC,309.5982491240284,29227935374.982,223872523.77550793
2017-10-07 00:00:00 UTC,307.05813687389934,29412044193.592106,259031771.53758535
2017-10-08 00:00:00 UTC,295.901045084102,29175396936.82704,195574551.40328008
2017-10-09 00:00:00 UTC,299.9170113647283,28119791744.856277,422803467.0821769
2017-10-10 00:00:00 UTC,303.2474665353709,28506074217.358105,262661724.03535348
2017-10-11 00:00:00 UTC,302.0199976805083,28827311270.280365,179994094.52122995
2017-10-12 00:00:00 UTC,337.9526134340301,28715264952.728848,389123581.441959
2017-10-13 00:00:00 UTC,335.33824482981413,32136884949.300323,1062936136.5475444
2017-10-14 00:00:00 UTC,335.3913549863649,31893398413.31946,384671082.3691576
2017-10-15 00:00:00 UTC,331.967214731027,31903683068.49287,513925811.79312485
2017-10-16 00:00:00 UTC,317.898212514702,31583306698.85391,536987705.5520873
2017-10-17 00:00:00 UTC,314.456554240651,30251186909.138367,368660409.98234016
2017-10-18 00:00:00 UTC,308.4746839282341,29930081747.853603,459286354.2531358
2017-10-19 00:00:00 UTC,302.35649692557024,29366946306.63264,251750069.63289016
2017-10-20 00:00:00 UTC,300.69384596228315,28790749976.831596,270984512.97597694
2017-10-21 00:00:00 UTC,295.4882479105146,28638437008.879925,291385148.2978586
2017-10-22 00:00:00 UTC,289.4140251237576,28148745034.196087,227830530.53531405
2017-10-23 00:00:00 UTC,298.75573430773346,27575920805.165585,357572834.9115806
2017-10-24 00:00:00 UTC,298.4839668215046,28472255904.29292,522634263.28484994
2017-10-25 00:00:00 UTC,295.7078546189935,28452391049.617855,224745395.63136017
2017-10-26 00:00:00 UTC,297.9291296930045,28192911056.673782,175211825.16558704
2017-10-27 00:00:00 UTC,296.4649529071602,28411617292.93479,165062612.7639997
2017-10-28 00:00:00 UTC,303.74113040048763,28278036785.292797,178675171.42583302
2017-10-29 00:00:00 UTC,306.2494615338919,28978234226.357674,400151389.4858402
2017-10-30 00:00:00 UTC,303.54211702851427,29223725935.84833,245646777.54787135
2017-10-31 00:00:00 UTC,292.33053872865435,28971625622.98315,275058601.9442181
2017-11-01 00:00:00 UTC,287.0696687458828,27907457658.55725,343876003.8559511
2017-11-02 00:00:00 UTC,305.8432726789198,27411044537.06305,727168619.8327091
2017-11-03 00:00:00 UTC,299.9549103522952,29209850779.092915,493531953.8114265
2017-11-04 00:00:00 UTC,297.5173231052644,28653533860.136063,317726072.07408786
2017-11-05 00:00:00 UTC,301.370794552855,28426818646.719734,250477635.77464697
2017-11-06 00:00:00 UTC,295.23511338265723,28801102723.032696,472946830.30819535
2017-11-07 00:00:00 UTC,308.9339866357258,28220768686.35795,415882643.8192555
2017-11-08 00:00:00 UTC,322.32952048358885,29536454012.04308,755752328.1239891
2017-11-09 00:00:00 UTC,301.3549333527746,30823742534.2921,691815366.2495632
2017-11-10 00:00:00 UTC,316.2583419604271,28824163917.3142,650505791.3247348
2017-11-11 00:00:00 UTC,314.1661277072687,30256030132.159668,618676053.5502169
2017-11-12 00:00:00 UTC,315.34395637188766,30062176933.46014,1172943695.094443
2017-11-13 00:00:00 UTC,338.937627406501,30181430682.324657,783366133.855764
2017-11-14 00:00:00 UTC,334.286932546348,32446360785.0723,507718197.434228
2017-11-15 00:00:00 UTC,330.021315646911,32007998528.5458,518053273.608587
2017-11-16 00:00:00 UTC,333.351255037181,31606240405.8994,540577805.468288
2017-11-17 00:00:00 UTC,348.74721545667,31931961399.8328,408873409.223705
2017-11-18 00:00:00 UTC,353.43572964676,33413835153.7437,437969175.189351
2017-11-19 00:00:00 UTC,365.786815977961,33870265876.0073,892315491.355752
2017-11-20 00:00:00 UTC,361.055822571048,35061352161.7675,511630930.906117
2017-11-21 00:00:00 UTC,379.409057274538,34615252499.3341,667087478.419292
2017-11-22 00:00:00 UTC,412.557611501513,36382569909.3727,502690893.802197
2017-11-23 00:00:00 UTC,475.002014978137,39569679447.7058,1357607759.02526
2017-11-24 00:00:00 UTC,467.446390045639,45568623853.9817,1710984791.93773
2017-11-25 00:00:00 UTC,468.998099373249,44853255083.9293,1062451148.98556
2017-11-26 00:00:00 UTC,484.362624150733,45011721609.851,848847109.547722
2017-11-27 00:00:00 UTC,474.182894748523,46496118377.9175,982703877.999528
2017-11-28 00:00:00 UTC,428.345443336342,45528555887.0189,640921145.689493
2017-11-29 00:00:00 UTC,454.160981519821,41136242461.6215,1864835257.85043
2017-11-30 00:00:00 UTC,469.863479570669,43624717838.8218,1302713009.05289
2017-12-01 00:00:00 UTC,469.857050536754,45142640782.4465,731926955.703011
2017-12-02 00:00:00 UTC,461.880481908051,45151510929.4977,571377802.810273
2017-12-03 00:00:00 UTC,472.252735495896,44394413397.1167,513723192.525671
2017-12-04 00:00:00 UTC,467.016662982671,45400977761.2147,559902818.597381
2017-12-05 00:00:00 UTC,448.328222164605,44907252844.2554,590010796.38345
2017-12-06 00:00:00 UTC,451.825581860168,43118585011.2992,5911434.14179457
2017-12-07 00:00:00 UTC,467.881662612901,43465282557.5874,968306459.942749
2017-12-08 00:00:00 UTC,482.035518858509,45019411221.6764,1578944197.85945
2017-12-09 00:00:00 UTC,446.691058078548,46391200044.4373,1109058208.5207
2017-12-10 00:00:00 UTC,509.000876237775,42998769813.0645,900203443.334746
2017-12-11 00:00:00 UTC,661.841332287634,49007073662.9809,1035160071.24411
2017-12-12 00:00:00 UTC,709.883193572531,63736319679.7109,3691983511.74634
2017-12-13 00:00:00 UTC,704.621843737326,68377310760.8715,2717113879.86409
2017-12-14 00:00:00 UTC,693.09706413276,67885165267.6573,2551109082.71176
2017-12-15 00:00:00 UTC,702.244612799479,66789398252.0671,1942292719.83027
2017-12-16 00:00:00 UTC,728.700471211578,67685238860.8431,1323743950.88971
2017-12-17 00:00:00 UTC,798.115404033608,70249967413.1925,1297439773.48386
2017-12-18 00:00:00 UTC,829.989201766042,76958112624.052,2104028876.27651
2017-12-19 00:00:00 UTC,813.403602277568,80048859677.1559,2383800980.37899
2017-12-20 00:00:00 UTC,812.885159103535,78466047306.039,2174389927.16457
2017-12-21 00:00:00 UTC,669.276492289395,78432622738.5783,1886649146.02117
2017-12-22 00:00:00 UTC,715.719068265809,64585322053.99,2635463381.90133
2017-12-23 00:00:00 UTC,686.208308919806,69087031853.6697,1292257943.85486
2017-12-24 00:00:00 UTC,733.902545910265,66252429575.9089,1224218821.95787
2017-12-25 00:00:00 UTC,774.110198124999,70871970751.0918,1242520658.38317
2017-12-26 00:00:00 UTC,764.967062014162,74770905370.1416,1046697072.25852
2017-12-27 00:00:00 UTC,736.840047017461,73903417373.3621,910830156.598811
2017-12-28 00:00:00 UTC,755.343641318154,71200955427.2237,1012380621.45529
2017-12-29 00:00:00 UTC,736.909191519636,73004412362.8661,1172554374.08768
2017-12-30 00:00:00 UTC,774.696255457107,71238101432.8975,1306193221.81905
2017-12-31 00:00:00 UTC,776.080330355968,74906560027.8485,1127368142.17048
2018-01-01 00:00:00 UTC,876.890258814416,75056629369.4547,1101627635.65143
2018-01-02 00:00:00 UTC,963.0557506903511,84822222588.5437,2720973272.07018
2018-01-03 00:00:00 UTC,978.416104183522,93178531120.43204,2308657205.9772067
2018-01-04 00:00:00 UTC,1004.8949722625624,94681149308.52457,2756635496.077742
2018-01-05 00:00:00 UTC,1052.02336010703,97269228886.25314,2894788528.9368753
2018-01-06 00:00:00 UTC,1137.6549188901813,101852997666.87328,1824841952.503006
2018-01-07 00:00:00 UTC,1184.92393027798,110167827718.61086,2286423001.2638764
2018-01-08 00:00:00 UTC,1361.4396682787146,114769005376.76157,4813539670.332469
2018-01-09 00:00:00 UTC,1345.5876017375906,131894965357.881,4248463429.84743
2018-01-10 00:00:00 UTC,1181.6514100305303,130387621608.28636,5901388488.269492
2018-01-11 00:00:00 UTC,1315.6187580839762,114526940296.8931,3701485302.9898286
2018-01-12 00:00:00 UTC,1448.1800861342022,127538307119.98058,2569674473.5809693
2018-01-13 00:00:00 UTC,1410.000214508519,140419500475.92773,3149029707.9682436
2018-01-14 00:00:00 UTC,1329.6713965043375,136747164703.8492,2771837301.4899707
2018-01-15 00:00:00 UTC,1068.6004106894156,128980953671.9811,2438212396.6501827
2018-01-16 00:00:00 UTC,1022.3652131699664,103677753320.31012,5197858118.489889
2018-01-17 00:00:00 UTC,1036.072312788025,99216267384.45854,5505023202.5208645
2018-01-18 00:00:00 UTC,1046.8985973958734,100567876886.70789,3220457431.1306267
2018-01-19 00:00:00 UTC,1172.917206223946,101640355096.62448,2067139497.7426836
2018-01-20 00:00:00 UTC,1053.6332024800397,113899479853.58607,1927757662.931302
2018-01-21 00:00:00 UTC,1000.3871327788332,102337202453.45828,1834167990.439276
2018-01-22 00:00:00 UTC,991.665320638703,97186332455.0951,2128266201.553245
2018-01-23 00:00:00 UTC,1056.8792325682198,96359326865.87158,2162095341.3385787
2018-01-24 00:00:00 UTC,1059.3154960264808,102717867498.02876,1871168506.347743
2018-01-25 00:00:00 UTC,1048.7989058434846,102976145173.28935,2098100041.2531192
2018-01-26 00:00:00 UTC,1095.7825142892807,101975238868.2182,2126139932.407397
2018-01-27 00:00:00 UTC,1237.3241758467964,106559849459.01984,1592501816.2673757
2018-01-28 00:00:00 UTC,1169.6342569193446,120356395893.4201,3105991887.223209
2018-01-29 00:00:00 UTC,1161.9086430994253,113796120454.081,2005499364.9335327
2018-01-30 00:00:00 UTC,1058.0960529662957,113043826616.74722,2006770995.7220535
2018-01-31 00:00:00 UTC,1116.382361208283,102965815556.0668,2570454739.6687236
2018-02-01 00:00:00 UTC,988.8056381471412,108661634762.19754,2128912753.609783
2018-02-02 00:00:00 UTC,907.9304382592017,96264220681.9854,3347898860.3198266
2018-02-03 00:00:00 UTC,951.0228023081164,88409388675.36673,4557151772.601846
2018-02-04 00:00:00 UTC,821.2273604027382,92624280000.7528,1850924250.2627368
2018-02-05 00:00:00 UTC,699.2634099074949,79999616945.42462,1867158153.634328
2018-02-06 00:00:00 UTC,769.8983128849445,68132963199.05227,3116498583.4808526
2018-02-07 00:00:00 UTC,771.8235755758875,75031449418.89046,4886989961.0640135
2018-02-08 00:00:00 UTC,807.8092296295708,75234811270.22023,2745714275.4939365
2018-02-09 00:00:00 UTC,880.8424013652049,78759070167.06491,2150347179.7194295
2018-02-10 00:00:00 UTC,840.0891697556897,85897437888.98878,1651622429.6943862
2018-02-11 00:00:00 UTC,826.0086492529557,81940703968.81494,1750568458.036933
2018-02-12 00:00:00 UTC,854.5070412954915,80583912875.50645,1613530504.9876587
2018-02-13 00:00:00 UTC,837.3370529373207,83381621287.92523,1335874556.8576138
2018-02-14 00:00:00 UTC,910.4510075130518,81723385467.52455,1200597292.8893638
2018-02-15 00:00:00 UTC,928.6486860247652,88877476231.34293,1659807015.5136385
2018-02-16 00:00:00 UTC,940.5128282891196,90673042256.96292,1664890078.7332675
2018-02-17 00:00:00 UTC,964.3063133394236,91852177614.832,1249948770.6244974
2018-02-18 00:00:00 UTC,918.3226044738392,94193839909.80862,1338218538.8408673
2018-02-19 00:00:00 UTC,937.3939810008428,89720837503.6934,1452702215.1899593
2018-02-20 00:00:00 UTC,889.8983781933729,91603522479.52434,1122579938.063292
2018-02-21 00:00:00 UTC,847.3384303592712,86979839480.78435,1445265855.9802256
2018-02-22 00:00:00 UTC,799.6165296121926,82837935160.73628,1456411081.6803398
2018-02-23 00:00:00 UTC,873.1239363326707,78188624848.51672,1239311207.4859147
2018-02-24 00:00:00 UTC,831.8063689647216,85394883373.61401,1541544015.4278705
2018-02-25 00:00:00 UTC,839.1278395496473,81370466530.78209,1180685932.992164
2018-02-26 00:00:00 UTC,861.1666222507421,82103636919.8133,963216203.972502
2018-02-27 00:00:00 UTC,866.8645381618179,84277332605.60698,1268524945.6173666
2018-02-28 00:00:00 UTC,842.6596948569794,84852622690.44937,1177263754.7621615
2018-03-01 00:00:00 UTC,856.7467820617036,82500899097.14333,1096900532.4771342
2018-03-02 00:00:00 UTC,849.9572697522545,83897346725.82196,1053333461.5632516
2018-03-03 00:00:00 UTC,839.6962045640972,83250277674.90851,1097886333.5375829
2018-03-04 00:00:00 UTC,846.3516377064525,82262409751.72052,955994019.0784832
2018-03-05 00:00:00 UTC,831.4558614468401,82931295424.42772,963376314.5888348
2018-03-06 00:00:00 UTC,811.2787321876446,81488603533.53831,989882513.2622012
2018-03-07 00:00:00 UTC,750.5071262837264,79527692444.38037,1169165943.120659
2018-03-08 00:00:00 UTC,699.8997194002404,73585843549.51414,1516167054.2699766
2018-03-09 00:00:00 UTC,727.442367179284,68638103033.807526,1283944747.5481367
2018-03-10 00:00:00 UTC,681.8168263757842,71353981600.68187,1656137645.1669989
2018-03-11 00:00:00 UTC,714.0379795593955,66892551791.261765,989955099.54537
2018-03-12 00:00:00 UTC,694.823411788157,70068434830.20068,1053195968.4963942
2018-03-13 00:00:00 UTC,686.7581104630738,68197043630.04515,1040744140.464503
2018-03-14 00:00:00 UTC,613.3643657022095,67419645991.022835,911288071.0714146
2018-03-15 00:00:00 UTC,611.6035399340428,60227037694.96735,1254637203.7890248
2018-03-16 00:00:00 UTC,598.4146478482375,60066652128.3066,1298156655.6767874
2018-03-17 00:00:00 UTC,546.9142810657967,58783465892.18411,945972426.5414652
2018-03-18 00:00:00 UTC,543.4267973349737,53735636880.58912,907092453.6798726
2018-03-19 00:00:00 UTC,560.2541570496708,53404056666.33648,2542102711.548856
2018-03-20 00:00:00 UTC,557.9096804872046,55069242260.72186,1689221604.2142873
2018-03-21 00:00:00 UTC,561.6093105728442,54850051140.94007,1365298194.843919
2018-03-22 00:00:00 UTC,537.8821135057451,55225169199.86828,1241432111.8113558
2018-03-23 00:00:00 UTC,540.1939549713215,52903014453.3212,1037057408.2765706
2018-03-24 00:00:00 UTC,518.5514892483336,53141466879.57321,1031722865.847348
2018-03-25 00:00:00 UTC,519.8444191933868,51022857190.94212,722781480.0921729
2018-03-26 00:00:00 UTC,486.52016381179294,51160665262.01968,649316094.195488
2018-03-27 00:00:00 UTC,448.8762401905497,47890993270.102104,1127688597.8261774
2018-03-28 00:00:00 UTC,445.0414052262789,44194711722.12242,1206008918.0286715
2018-03-29 00:00:00 UTC,384.99841991450313,43826071432.25249,899512461.5860155
2018-03-30 00:00:00 UTC,395.6438232758315,37921132001.55425,1504222178.0635986
2018-03-31 00:00:00 UTC,397.0269246397252,38977737887.8265,1552054676.3638115
2018-04-01 00:00:00 UTC,379.2048957252926,39122244658.52619,973385775.1060746
2018-04-02 00:00:00 UTC,385.5873671283978,37373660944.69756,927702638.7038825
2018-04-03 00:00:00 UTC,415.8152372403461,38010604219.92367,728203569.2654794
2018-04-04 00:00:00 UTC,379.5901022402361,40998890898.28771,938224008.1533515
2018-04-05 00:00:00 UTC,382.28959874302114,37434959516.57381,885345606.4307263
2018-04-06 00:00:00 UTC,370.2337557548528,37708935920.60717,763800136.9056084
2018-04-07 00:00:00 UTC,383.58232773970974,36527316767.13587,590856982.2125442
2018-04-08 00:00:00 UTC,397.31137945339646,37852078631.313675,548981438.4240826
2018-04-09 00:00:00 UTC,399.6869407680129,39214951398.46517,568020841.4183215
2018-04-10 00:00:00 UTC,413.7628685657607,39457627974.997215,1095842734.9225235
2018-04-11 00:00:00 UTC,426.7621165183137,40855603938.9071,686873944.3473166
2018-04-12 00:00:00 UTC,488.2860817804851,42147825526.030785,821684390.3911777
2018-04-13 00:00:00 UTC,489.45449663154386,48233887937.59193,1867076639.6176517
2018-04-14 00:00:00 UTC,495.3605652102132,48358721469.31679,1772393873.272309
2018-04-15 00:00:00 UTC,525.4161380534755,48953051811.00846,958031009.58082
2018-04-16 00:00:00 UTC,507.337681568968,51933968465.440285,1112845598.0484817
2018-04-17 00:00:00 UTC,498.36829691728633,50157428491.93301,951654294.8171064
2018-04-18 00:00:00 UTC,517.7869177327425,49280864472.36832,835095264.0835239
2018-04-19 00:00:00 UTC,565.2896681953913,51211529730.64035,828904704.4074513
2018-04-20 00:00:00 UTC,613.10154508537,55921631471.11304,1225095503.5066268
2018-04-21 00:00:00 UTC,600.7611944505178,60663632798.22903,205811460.0878517
2018-04-22 00:00:00 UTC,616.0659061293088,59455074750.39303,1414806390.982823
2018-04-23 00:00:00 UTC,636.5296155430748,60982327333.854614,1221469616.354489
2018-04-24 00:00:00 UTC,702.4883953734691,63020978669.80823,1175840574.984435
2018-04-25 00:00:00 UTC,614.8227088633965,69565718747.03389,2013714256.4258616
2018-04-26 00:00:00 UTC,655.8212609509965,60897026683.17696,2775129698.310175
2018-04-27 00:00:00 UTC,639.4271594535711,64971456816.32261,1612371013.6889832
2018-04-28 00:00:00 UTC,672.5542974715727,63360369809.0008,1326860825.1427894
2018-04-29 00:00:00 UTC,679.6846238040222,66656543684.65924,1165667375.0022657
2018-04-30 00:00:00 UTC,663.6396192475914,67377353577.087715,1180387563.7384212
2018-05-01 00:00:00 UTC,665.1726169019041,65800456896.74096,1273954499.4648097
2018-05-02 00:00:00 UTC,676.9929922142584,65966006535.65913,1344302939.2313251
2018-05-03 00:00:00 UTC,776.7382932557329,67152579990.70336,1152960583.5521486
2018-05-04 00:00:00 UTC,776.4607925434457,77061524975.52321,1000005589.0435652
2018-05-05 00:00:00 UTC,807.1758814227234,77050805587.74113,1952673911.3305628
2018-05-06 00:00:00 UTC,786.7174867207003,80115455921.3039,1613102652.0661695
2018-05-07 00:00:00 UTC,750.7744066179811,78101197549.17557,1741960115.236594
2018-05-08 00:00:00 UTC,741.4691464587727,74548443513.34627,2819541501.9628677
2018-05-09 00:00:00 UTC,743.6807467337007,73639576987.38835,1556569222.9177637
2018-05-10 00:00:00 UTC,718.216934249405,73874495992.80516,1517503199.4346695
2018-05-11 00:00:00 UTC,674.3602765451409,71359710437.02164,1331580746.3220377
2018-05-12 00:00:00 UTC,682.2491992302351,67016187805.343994,1866049970.862164
2018-05-13 00:00:00 UTC,727.3114193846295,67814207269.58531,1569564675.7956493
2018-05-14 00:00:00 UTC,727.3794739719065,72308414722.59964,1358553876.2543638
2018-05-15 00:00:00 UTC,702.1076654810284,72329806045.79132,1744975189.0857258
2018-05-16 00:00:00 UTC,702.4140138397071,69831431116.48909,1313923459.9131248
2018-05-17 00:00:00 UTC,663.4628928945634,69876023876.73566,1283920188.9361095
2018-05-18 00:00:00 UTC,686.3100989544206,66014934689.93223,1141971142.077708
2018-05-19 00:00:00 UTC,686.0440886607829,68302620807.74385,1138788965.8338864
2018-05-20 00:00:00 UTC,704.0113047932175,68290357091.523865,956781814.169
2018-05-21 00:00:00 UTC,688.9237418859528,70093407842.00793,962926282.7741176
2018-05-22 00:00:00 UTC,640.7069560131317,68605283131.18161,913486611.1175228
2018-05-23 00:00:00 UTC,579.9028440282991,63816864804.42859,1137214826.225723
2018-05-24 00:00:00 UTC,600.2590999743497,57772806845.64128,1631545758.7437406
2018-05-25 00:00:00 UTC,582.5850071888547,59812993104.48007,1589162514.342714
2018-05-26 00:00:00 UTC,581.559987218818,58063930179.24179,1130146619.4515774
2018-05-27 00:00:00 UTC,565.9374585083305,57973803682.97442,794210873.4193106
2018-05-28 00:00:00 UTC,512.890714232242,56428053457.82399,935529243.0948622
2018-05-29 00:00:00 UTC,563.52895888685,51149512545.08626,1355223291.405342
2018-05-30 00:00:00 UTC,554.714252553985,56211164674.441086,1306989718.4781764
2018-05-31 00:00:00 UTC,572.5794861187512,55343354423.01759,1074801336.010932
2018-06-01 00:00:00 UTC,573.5889295712591,57137643398.68086,1020861925.4721538
2018-06-02 00:00:00 UTC,582.7854073728129,57250186669.41445,986481773.066681
2018-06-03 00:00:00 UTC,610.0824655355342,58180149458.85381,919763022.9799649
2018-06-04 00:00:00 UTC,585.9654196402531,60917720896.20613,961335229.0636544
2018-06-05 00:00:00 UTC,601.9401717015425,58521807567.64864,997011056.362944
2018-06-06 00:00:00 UTC,598.2997568737289,60129509968.92255,984645871.66422
2018-06-07 00:00:00 UTC,595.9029284920211,59778176838.358505,883982099.3776212
2018-06-08 00:00:00 UTC,590.715833869492,59551059270.24468,988222351.9410084
2018-06-09 00:00:00 UTC,578.7034707832421,59044947271.07359,772558877.5177118
2018-06-10 00:00:00 UTC,524.4347555452173,57856344895.18676,713506744.1296538
2018-06-11 00:00:00 UTC,528.9668696987812,52441439239.4483,1324821802.0332022
2018-06-12 00:00:00 UTC,493.6241576486548,52905687258.01246,1152853001.0321867
2018-06-13 00:00:00 UTC,475.4794267558357,49381001115.02632,1180985123.7377822
2018-06-14 00:00:00 UTC,517.8425598862593,47575555117.588196,1331637298.329785
2018-06-15 00:00:00 UTC,485.6611127996118,51824974854.8682,1636715551.0015273
2018-06-16 00:00:00 UTC,491.8990957625955,48614267841.86949,1130212830.4376028
2018-06-17 00:00:00 UTC,490.7223195032396,49248804224.0916,727551307.0488384
2018-06-18 00:00:00 UTC,512.3406806173399,49140996071.04146,674805534.6556882
2018-06-19 00:00:00 UTC,531.9294630304548,51316434174.543144,860675439.9942926
2018-06-20 00:00:00 UTC,530.7399678805654,53289311558.31651,1049106266.3989502
2018-06-21 00:00:00 UTC,520.0408954012236,53181092964.66669,984306076.604546
2018-06-22 00:00:00 UTC,465.3020477686396,52119682572.201744,900168088.8746645
2018-06-23 00:00:00 UTC,472.88199974685864,46643236516.95276,1475594544.7695806
2018-06-24 00:00:00 UTC,453.4880752843746,47412820207.939354,1082061026.8542223
2018-06-25 00:00:00 UTC,459.79939010703754,45477559637.41551,1795921978.658019
2018-06-26 00:00:00 UTC,429.9767590617551,46119979593.26052,3950877651.5573897
2018-06-27 00:00:00 UTC,439.3369729532728,43137478011.75892,3070991625.918438
2018-06-28 00:00:00 UTC,420.1807900804217,44085544207.09273,1462257378.117255
2018-06-29 00:00:00 UTC,433.42742378387743,42171907943.33847,1248071824.0851898
2018-06-30 00:00:00 UTC,449.3772203091645,43510255372.688,1280404080.210543
2018-07-01 00:00:00 UTC,448.234788687379,45120627799.49693,1239270462.945932
2018-07-02 00:00:00 UTC,472.50044522228615,45015079266.035576,1367390927.0137763
2018-07-03 00:00:00 UTC,459.9607697530832,47461843304.085434,1733702756.8741984
2018-07-04 00:00:00 UTC,463.29609344339735,46211681760.22381,1748849742.4239974
2018-07-05 00:00:00 UTC,466.3756863542489,46556233871.10326,1548549872.2065308
2018-07-06 00:00:00 UTC,468.445253358504,46875259014.80074,1714432757.7832704
2018-07-07 00:00:00 UTC,483.0252627847096,47092786885.73944,1561115295.7825985
2018-07-08 00:00:00 UTC,484.515342641561,48568428047.39106,1493273408.4985373
2018-07-09 00:00:00 UTC,469.5574868850335,48728146283.3869,1454270066.072487
2018-07-10 00:00:00 UTC,431.5305053721746,47233520305.756714,1620786706.4226842
2018-07-11 00:00:00 UTC,442.95050778173584,43417107545.74477,1768714848.7280064
2018-07-12 00:00:00 UTC,428.9496108428275,44575299611.85669,1237477029.4262524
2018-07-13 00:00:00 UTC,431.0238731526867,43175139629.301,1439379953.680497
2018-07-14 00:00:00 UTC,431.950482834999,43392619206.37143,1441368556.1887577
2018-07-15 00:00:00 UTC,447.3476169917028,43494794300.32144,1115625214.5743904
2018-07-16 00:00:00 UTC,476.2558325503731,45054419767.965355,1143398518.3756807
2018-07-17 00:00:00 UTC,497.0741294620484,47975601049.24021,2189500303.9119935
2018-07-18 00:00:00 UTC,476.82640296665875,50083033628.93511,1934310201.6985328
2018-07-19 00:00:00 UTC,464.9997796359025,48052573335.6261,1909176081.2949295
2018-07-20 00:00:00 UTC,447.31776550199424,46870259641.7107,1541076630.2753916
2018-07-21 00:00:00 UTC,457.7864576513402,45097077694.35747,1646960229.0863564
2018-07-22 00:00:00 UTC,455.0760040184567,46161852542.42403,1268520678.17786
2018-07-23 00:00:00 UTC,447.6357862986914,45897973770.28609,1170663721.9598358
2018-07-24 00:00:00 UTC,477.3845577274131,45156736860.80005,1359707992.743071
2018-07-25 00:00:00 UTC,468.82377018402485,48167555492.69787,1755115812.736669
2018-07-26 00:00:00 UTC,459.9163508962263,47313500456.51846,1549133863.3869271
2018-07-27 00:00:00 UTC,468.3702406118271,46423965599.888626,1421833379.4006646
2018-07-28 00:00:00 UTC,465.6932070599293,47286866862.67256,1320092319.4503803
2018-07-29 00:00:00 UTC,465.9417972097955,47026119143.27307,15929604768.165749
2018-07-30 00:00:00 UTC,457.9593895317416,47060862103.1353,8088551087.394168
2018-07-31 00:00:00 UTC,432.35459121950447,46263946286.14714,1647966297.4921737
2018-08-01 00:00:00 UTC,420.712584146886,43686200078.17136,1566855385.723995
2018-08-02 00:00:00 UTC,410.954378120633,42518449228.59808,5807183465.774629
2018-08-03 00:00:00 UTC,416.95744969159256,41540699804.2459,2615238763.0102797
2018-08-04 00:00:00 UTC,407.1318971353426,42156060937.63444,2085219783.9885087
2018-08-05 00:00:00 UTC,409.2381838047784,41171055677.332146,1806127931.4347968
2018-08-06 00:00:00 UTC,404.86178625560126,41392462793.5808,2101854474.4379883
2018-08-07 00:00:00 UTC,377.8350035467328,40958048554.31342,2322647717.2577376
2018-08-08 00:00:00 UTC,355.8484676952744,38231614510.48529,1852756051.92778
2018-08-09 00:00:00 UTC,363.97620170208154,36014182827.2599,1949787888.7736757
2018-08-10 00:00:00 UTC,333.1461259205838,36844257619.09195,2319781972.950854
2018-08-11 00:00:00 UTC,317.8145910920343,33730208917.025948,2030280090.2886903
2018-08-12 00:00:00 UTC,319.86566639625414,32184487022.131367,2372497897.65727
2018-08-13 00:00:00 UTC,279.4470004131478,32398756152.565563,2068565041.3868928
2018-08-14 00:00:00 UTC,278.9642831010805,28310496688.539272,2340803007.3503337
2018-08-15 00:00:00 UTC,281.58043984364053,28267228794.386295,3135917517.5624986
2018-08-16 00:00:00 UTC,286.1470757136832,28535361134.082863,2802145906.3184853
2018-08-17 00:00:00 UTC,315.1608999389136,29024251080.16715,2403369209.7095027
2018-08-18 00:00:00 UTC,293.0820877579965,31951584204.09469,3005851683.9568143
2018-08-19 00:00:00 UTC,299.4157973744553,29725978298.666023,2792762297.3838086
2018-08-20 00:00:00 UTC,270.8480607209093,30367826224.999077,2482942401.9024844
2018-08-21 00:00:00 UTC,281.00040154899705,27478043625.3848,2217201480.223979
2018-08-22 00:00:00 UTC,270.4336668587685,28457327583.085182,2101668909.12066
2018-08-23 00:00:00 UTC,276.4257646820975,27349054373.802193,2246682111.513418
2018-08-24 00:00:00 UTC,281.59489859739693,28057546660.81361,2092915174.4373884
2018-08-25 00:00:00 UTC,278.06790821597536,28591371785.868607,2223016518.981057
2018-08-26 00:00:00 UTC,274.8694204339249,28238949478.682552,1728723866.681417
2018-08-27 00:00:00 UTC,287.27840392608823,27904297670.863117,1985725501.1354284
2018-08-28 00:00:00 UTC,296.1477137641593,29189432738.15186,2157946964.945598
2018-08-29 00:00:00 UTC,288.6097733423584,30097047165.531494,2537444563.963407
2018-08-30 00:00:00 UTC,285.0945217031856,29333169644.15013,2534290397.9709387
2018-08-31 00:00:00 UTC,282.259105737125,28981635454.652294,2490087250.271047
2018-09-01 00:00:00 UTC,295.65112036051005,28695491529.96736,2192062549.9994535
2018-09-02 00:00:00 UTC,294.58039424059007,30066514611.190617,2591524392.776842
2018-09-03 00:00:00 UTC,288.7879551982016,29963556070.761513,2298749069.9678073
2018-09-04 00:00:00 UTC,285.3939077169875,29381504290.730835,2053844144.0525703
2018-09-05 00:00:00 UTC,228.9617912829557,29050563755.57059,2982629433.2783427
2018-09-06 00:00:00 UTC,229.5713880711277,23278961912.55293,4068499376.50863
2018-09-07 00:00:00 UTC,216.32290951173252,23370233121.7361,3652593318.116336
2018-09-08 00:00:00 UTC,196.9459546149652,21953902583.90658,2841396879.4660244
2018-09-09 00:00:00 UTC,196.4576250657248,20039049733.03146,2541165545.426998
2018-09-10 00:00:00 UTC,196.53038177009995,19973046298.14238,3184283113.5084205
2018-09-11 00:00:00 UTC,184.44805131651864,20019200667.401733,2490739390.6545944
2018-09-12 00:00:00 UTC,183.11412127064625,18796583133.8244,2532591047.681288
2018-09-13 00:00:00 UTC,211.55459401272157,18654812143.413708,2603506137.5921783
2018-09-14 00:00:00 UTC,209.36882849671437,21565045978.7975,3496679332.187319
2018-09-15 00:00:00 UTC,221.08146812215583,21349577167.583256,3104535108.899314
2018-09-16 00:00:00 UTC,220.7972699412015,22546513613.620052,2820904647.7150874
2018-09-17 00:00:00 UTC,196.36896997348208,22499107118.519993,2332061636.011011
2018-09-18 00:00:00 UTC,209.75890754099817,20040761777.810966,2960846594.714225
2018-09-19 00:00:00 UTC,210.13147500422545,21445226236.26138,2663540414.805564
2018-09-20 00:00:00 UTC,224.40906935709145,21451101759.69041,2517427336.4675174
2018-09-21 00:00:00 UTC,247.7760633863301,22905040372.125732,2510648069.5338902
2018-09-22 00:00:00 UTC,241.90990653517463,25306749245.059753,3229354554.348979
2018-09-23 00:00:00 UTC,244.84877342218996,24705461661.008736,2239548638.377474
2018-09-24 00:00:00 UTC,227.80881135374472,25002453352.31513,2230525538.3590684
2018-09-25 00:00:00 UTC,219.7153275284764,23302068301.714336,2142585855.350658
2018-09-26 00:00:00 UTC,214.32101564444056,22438270244.297405,4698521442.582179
2018-09-27 00:00:00 UTC,229.50065083671004,21937335792.06412,2256279833.4050913
2018-09-28 00:00:00 UTC,221.78363337365587,23448866990.187454,2337233035.06166
2018-09-29 00:00:00 UTC,231.37892331840703,22677002619.693447,1935827663.097196
2018-09-30 00:00:00 UTC,233.2664528263106,23662791283.097706,2153000959.671512
2018-10-01 00:00:00 UTC,231.1094812898724,23860602420.20492,1699515778.3098242
2018-10-02 00:00:00 UTC,226.03562758402273,23641087779.50508,1378856950.536414
2018-10-03 00:00:00 UTC,220.3837334511826,23130188905.460175,1296820660.6496203
2018-10-04 00:00:00 UTC,222.33514930980309,22556989070.09432,1463684758.3508658
2018-10-05 00:00:00 UTC,227.82611727788185,22760587714.69148,1297918315.192125
2018-10-06 00:00:00 UTC,225.10781439265764,23338939448.59078,1335461108.6550865
2018-10-07 00:00:00 UTC,226.12289708437413,23051692332.271786,1284013522.002919
2018-10-08 00:00:00 UTC,229.56215438027027,23160908530.69902,1223953808.8241763
2018-10-09 00:00:00 UTC,227.86261825669308,23520513321.350346,1309969519.363623
2018-10-10 00:00:00 UTC,225.47776007827093,23349796922.274,1144106929.2304907
2018-10-11 00:00:00 UTC,191.60713355708012,23125928204.06633,1211405425.1334016
2018-10-12 00:00:00 UTC,196.75710760411735,19641454598.683556,1981750074.045824
2018-10-13 00:00:00 UTC,201.09328958792008,20205253420.305264,1413439494.210822
2018-10-14 00:00:00 UTC,196.24980682000145,20620702711.725853,1065781310.371304
2018-10-15 00:00:00 UTC,211.92344876941124,20154043106.326366,1119546558.964267
2018-10-16 00:00:00 UTC,212.34986918325052,21725771215.140465,2905025911.500255
2018-10-17 00:00:00 UTC,211.1467322786928,21807172059.505703,1260930122.563077
2018-10-18 00:00:00 UTC,204.23191808001627,21666648893.397747,1227679745.6946683
2018-10-19 00:00:00 UTC,203.96308123908904,20968318598.269142,1270967242.4743805
2018-10-20 00:00:00 UTC,207.0147798982238,20943436594.361443,1197747606.4518814
2018-10-21 00:00:00 UTC,206.10784306268937,21253771329.969284,1138774702.0854003
2018-10-22 00:00:00 UTC,205.17683503776937,21191477296.011135,1091276135.796991
2018-10-23 00:00:00 UTC,204.0721635150771,21079347485.141727,1266090584.2904515
2018-10-24 00:00:00 UTC,203.54510150139967,20970060368.757084,1224974845.316104
2018-10-25 00:00:00 UTC,202.21259637937644,20918583071.19083,1238770060.0441618
2018-10-26 00:00:00 UTC,203.49238623192755,20796332331.276543,1157947764.5479963
2018-10-27 00:00:00 UTC,203.28596220839543,20923304160.521477,1251249628.7807202
2018-10-28 00:00:00 UTC,204.67176318921767,20900290899.58807,1056481412.9989878
2018-10-29 00:00:00 UTC,195.83097634680792,21053207891.8175,1042178458.8972852
2018-10-30 00:00:00 UTC,197.3165746790915,20147183003.496307,1524768955.6941743
2018-10-31 00:00:00 UTC,198.76013837276443,20313991081.47336,1028696655.7026044
2018-11-01 00:00:00 UTC,199.26629066319788,20447043533.12124,1275404433.3245697
2018-11-02 00:00:00 UTC,202.22194050375572,20510126991.607685,1280004920.8445766
2018-11-03 00:00:00 UTC,200.21803261874084,20819605262.263416,1220050695.0854738
2018-11-04 00:00:00 UTC,205.88957934866187,20614917164.486755,1100512209.9824097
2018-11-05 00:00:00 UTC,209.4356446748255,21310981679.278618,1099483734.586021
2018-11-06 00:00:00 UTC,219.48229616406857,21576490530.641293,1459585460.579355
2018-11-07 00:00:00 UTC,218.68667938230715,22615959796.488293,1753732465.6900198
2018-11-08 00:00:00 UTC,212.81303027416567,22536125531.946033,1450291170.6129467
2018-11-09 00:00:00 UTC,210.62619244288825,21983079651.783836,1288814683.6805308
2018-11-10 00:00:00 UTC,212.56579643821908,21727550388.843704,1091735407.6038802
2018-11-11 00:00:00 UTC,212.58111215597577,21918727823.543064,1142968799.54352
2018-11-12 00:00:00 UTC,211.75508138122785,21926482049.37738,1292384899.2795782
2018-11-13 00:00:00 UTC,208.82999175566465,21835416808.274967,1278484088.454283
2018-11-14 00:00:00 UTC,183.27937761799555,21520324733.135937,1394945684.08374
2018-11-15 00:00:00 UTC,182.3073883161195,18915242873.384266,2652709973.0813828
2018-11-16 00:00:00 UTC,176.0762962286612,18833157524.20937,2445950458.2191257
2018-11-17 00:00:00 UTC,175.75971730743157,18173414086.234,1723776862.6009488
2018-11-18 00:00:00 UTC,178.0889341303598,18139933642.321323,1422912006.533753
2018-11-19 00:00:00 UTC,149.44594330229975,18357369621.629284,1422845401.5009031
2018-11-20 00:00:00 UTC,132.66019179023857,15500872458.769115,2799067806.0026774
2018-11-21 00:00:00 UTC,137.20279298834507,13667250145.74616,3243686331.6941347
2018-11-22 00:00:00 UTC,126.01261713755488,14180511176.172184,2844721073.9865413
2018-11-23 00:00:00 UTC,123.92508530401652,13025343850.784258,1741715971.0810175
2018-11-24 00:00:00 UTC,113.88915978011318,12835445196.81356,1727522868.17782
2018-11-25 00:00:00 UTC,117.36689727358107,11817983686.122583,1673164062.368296
2018-11-26 00:00:00 UTC,109.08523803300255,12164898237.895905,2432920604.265132
2018-11-27 00:00:00 UTC,110.61369647748488,11312391671.677708,1841385097.8435063
2018-11-28 00:00:00 UTC,122.61038861910424,11436592020.55058,2000588034.1623209
2018-11-29 00:00:00 UTC,117.91983097987026,12663735010.725012,2137298050.9105957
2018-11-30 00:00:00 UTC,113.28755927658943,12181548926.506592,1620817820.1138678
2018-12-01 00:00:00 UTC,118.07269110117385,11751640478.61275,1712513107.6099262
2018-12-02 00:00:00 UTC,116.704951697128,12225825413.31782,1457405382.2105365
2018-12-03 00:00:00 UTC,108.4966961377998,12089253905.07735,1323108287.618373
2018-12-04 00:00:00 UTC,109.74717231496264,11257256201.51516,1269249536.979086
2018-12-05 00:00:00 UTC,102.24775379647332,11370171712.2536,1331823877.508191
2018-12-06 00:00:00 UTC,90.36331648464376,10615798364.579311,1354122940.6302457
2018-12-07 00:00:00 UTC,92.9988797082482,9400519263.547384,1605723106.824123
2018-12-08 00:00:00 UTC,90.43186841663352,9639730653.655834,2496673265.0136385
2018-12-09 00:00:00 UTC,93.46748722042354,9382044963.62716,1809026568.2954652
2018-12-10 00:00:00 UTC,89.81807104140209,9690688556.395658,1572446361.3500252
2018-12-11 00:00:00 UTC,87.48122971813427,9316659691.7566,1292857528.4767222
2018-12-12 00:00:00 UTC,89.38999981344158,9074248241.96594,1391971880.4284575
2018-12-13 00:00:00 UTC,86.03915202687597,9275625594.508446,1225388144.5282338
2018-12-14 00:00:00 UTC,83.76253956711574,8928405387.866253,1284880248.3610094
2018-12-15 00:00:00 UTC,83.81946026485127,8695100362.20362,1327295437.2536228
2018-12-16 00:00:00 UTC,84.4910401763689,8702062588.110252,1094589140.7681694
2018-12-17 00:00:00 UTC,93.98771846882671,8771830809.497385,1171224486.6235402
2018-12-18 00:00:00 UTC,100.24792346969764,9763132861.644388,1694781443.5747194
2018-12-19 00:00:00 UTC,99.07717074111456,10417795489.54179,1730568023.1656673
2018-12-20 00:00:00 UTC,114.09166785265788,10304601184.616066,1958518622.8017323
2018-12-21 00:00:00 UTC,107.91523484216702,11877111329.73761,2504705450.217018
2018-12-22 00:00:00 UTC,115.69925251703536,11215474666.428013,2140546119.5510304
2018-12-23 00:00:00 UTC,129.17553325034012,12016218227.86794,1870585763.8965075
2018-12-24 00:00:00 UTC,137.71566025208915,13434415247.068132,3048838055.8613706
2018-12-25 00:00:00 UTC,127.9568214901523,14341399530.146433,4134455210.100878
2018-12-26 00:00:00 UTC,129.40453423157302,13312332333.94441,2983931968.8019347
2018-12-27 00:00:00 UTC,114.172960644731,13461819701.6363,2259884040.865476
2018-12-28 00:00:00 UTC,134.8415522974547,11872654710.571377,1942784335.9766488
2018-12-29 00:00:00 UTC,135.42972502720454,14031609268.504786,2663009911.0496407
2018-12-30 00:00:00 UTC,138.09178904265866,14100981463.74178,2733650487.20933
2018-12-31 00:00:00 UTC,131.5703044553534,14370836999.948444,2261973106.175681
2019-01-01 00:00:00 UTC,138.5731816286098,13689435058.26888,1818074019.156499
2019-01-02 00:00:00 UTC,152.63081911248352,14394685190.974785,1851155619.064047
2019-01-03 00:00:00 UTC,145.74063717167743,15907673342.302967,2960047257.7725306
2019-01-04 00:00:00 UTC,152.8514643468691,15176169854.362776,2295066868.7830353
2019-01-05 00:00:00 UTC,153.68933973644835,15924010808.105972,2799829567.408116
2019-01-06 00:00:00 UTC,154.7231416822804,15999272885.112896,2735077861.97423
2019-01-07 00:00:00 UTC,150.04654039578224,16123905023.14955,2604079868.8241735
2019-01-08 00:00:00 UTC,148.10017150420464,15631066819.78029,2288255774.1703176
2019-01-09 00:00:00 UTC,148.9778839700629,15447015892.57476,2000256131.190961
2019-01-10 00:00:00 UTC,125.82402111985296,15510651839.58883,1867620846.633404
2019-01-11 00:00:00 UTC,125.11419510589526,13124096022.972635,2726606980.1067896
2019-01-12 00:00:00 UTC,123.96928011350732,13052284230.906492,2084713761.275329
2019-01-13 00:00:00 UTC,114.87170493308288,12909596031.06695,1497075101.152405
2019-01-14 00:00:00 UTC,127.539670440424,11984319339.093636,1645705811.758988
2019-01-15 00:00:00 UTC,119.83175631769528,13318022357.04152,2135790553.9957552
2019-01-16 00:00:00 UTC,121.86299056475718,12511274469.323595,2180856295.184841
2019-01-17 00:00:00 UTC,121.91062499861609,12749067336.918371,2164005387.864851
2019-01-18 00:00:00 UTC,119.3720045145842,12730304369.16677,1951528398.4142816
2019-01-19 00:00:00 UTC,122.77859537979836,12468125858.285702,1698161325.869978
2019-01-20 00:00:00 UTC,117.46592114793178,12826147472.037169,1840391865.102515
2019-01-21 00:00:00 UTC,115.7561455471492,12273242474.347273,1913053255.4909685
2019-01-22 00:00:00 UTC,117.84701094574498,12096467340.378458,1708236982.376474
2019-01-23 00:00:00 UTC,116.3786872002712,12315008555.583776,1764835863.1856134
2019-01-24 00:00:00 UTC,116.53370783282732,12166659049.482763,1615793625.0408075
2019-01-25 00:00:00 UTC,115.15757407726424,12180664815.222906,1596984841.7528903
2019-01-26 00:00:00 UTC,115.26865371994938,12041287389.032583,1621487937.978984
2019-01-27 00:00:00 UTC,112.13840379819148,12054747094.11017,1432238726.7029643
2019-01-28 00:00:00 UTC,105.49541088105768,11736735397.65561,1776247374.8851244
2019-01-29 00:00:00 UTC,104.4318682609268,11035963581.284956,2330321710.786009
2019-01-30 00:00:00 UTC,108.27055395809248,10926320405.646955,2559021130.0804496
2019-01-31 00:00:00 UTC,106.50465568019784,11329631503.062435,2444222174.8597813
2019-02-01 00:00:00 UTC,106.8635450317076,11146512695.8388,2000210558.5041368
2019-02-02 00:00:00 UTC,109.37073293905702,11185708246.226212,2206416446.6908307
2019-02-03 00:00:00 UTC,107.31115567266978,11449850121.006275,2027927602.616828
2019-02-04 00:00:00 UTC,107.52539518892492,11235869211.705008,1964500871.455161
2019-02-05 00:00:00 UTC,107.30294781658668,11259956804.860432,1940174511.8615608
2019-02-06 00:00:00 UTC,104.52131718730618,11238316808.918669,1843016551.2191916
2019-02-07 00:00:00 UTC,104.37499036776325,10962164819.336643,2032203097.466087
2019-02-08 00:00:00 UTC,119.23868146238644,10934863165.939428,1806710141.8847709
2019-02-09 00:00:00 UTC,119.45548648045175,12493905359.997915,3403799969.804277
2019-02-10 00:00:00 UTC,124.9289754069664,12518455619.369572,2296322873.974159
2019-02-11 00:00:00 UTC,120.94836666600888,13092490785.900805,2732043510.0287266
2019-02-12 00:00:00 UTC,122.23562176714628,12678108414.761135,2721256451.7542286
2019-02-13 00:00:00 UTC,121.96450330020616,12837665594.097475,2560639769.866306
2019-02-14 00:00:00 UTC,120.40680352491763,12787844520.68958,2996608670.912101
2019-02-15 00:00:00 UTC,121.57935200860986,12626096744.844042,2539404353.893116
2019-02-16 00:00:00 UTC,122.82900515193846,12750641183.065643,2357673518.4893546
2019-02-17 00:00:00 UTC,133.58817364820973,12886063802.084658,2627948684.88817
2019-02-18 00:00:00 UTC,145.3532260241357,14046205997.048512,4232780890.89487
2019-02-19 00:00:00 UTC,143.6692832368649,15249678941.81392,5702368860.551822
2019-02-20 00:00:00 UTC,148.9024877097827,15074952200.513577,4684964651.09409
2019-02-21 00:00:00 UTC,145.3050131219536,15626061753.709784,4705806277.191614
2019-02-22 00:00:00 UTC,147.62921985474196,15250474987.83655,4104762531.844423
2019-02-23 00:00:00 UTC,157.64329951748027,15520402334.082972,3534406854.9966483
2019-02-24 00:00:00 UTC,133.1304779056429,16549685834.175097,5032687733.418045
2019-02-25 00:00:00 UTC,137.7502807386757,13978063154.78958,6882008816.360767
2019-02-26 00:00:00 UTC,136.3591944757476,14464961882.799871,5429964877.579976
2019-02-27 00:00:00 UTC,134.98809799675263,14320729252.046385,3960161960.9343386
2019-02-28 00:00:00 UTC,135.2776353370862,14178558004.537146,4506723332.538792
2019-03-01 00:00:00 UTC,135.17163920943798,14210846004.371288,3983646666.0173607
2019-03-02 00:00:00 UTC,132.39961765527977,14179527150.057262,2845697496.6383433
2019-03-03 00:00:00 UTC,130.53329253214426,13914575087.871744,3198468200.20861
2019-03-04 00:00:00 UTC,125.9041408063711,13721026337.255732,3509760249.8781447
2019-03-05 00:00:00 UTC,136.55848995257776,13236314629.990244,4466890050.707824
2019-03-06 00:00:00 UTC,137.32027377914028,14359224504.947754,5266782753.252806
2019-03-07 00:00:00 UTC,136.820769508653,14436430921.23132,4774125312.801854
2019-03-08 00:00:00 UTC,133.39347527114285,14382551126.774216,4204087421.888929
2019-03-09 00:00:00 UTC,137.05429958756255,14036785382.772316,4539626946.79215
2019-03-10 00:00:00 UTC,135.48494747137033,14430824636.122316,4596671456.717926
2019-03-11 00:00:00 UTC,132.73295303536298,14253310293.74337,4115833835.729131
2019-03-12 00:00:00 UTC,133.51746981807344,13959861156.370182,4319375786.098076
2019-03-13 00:00:00 UTC,131.6400925073773,14039557662.811453,4048152020.414239
2019-03-14 00:00:00 UTC,132.26528207786345,13852362733.667849,3596493755.4226832
2019-03-15 00:00:00 UTC,136.592457448836,13907433503.317717,3902245373.574021
2019-03-16 00:00:00 UTC,140.95096111523972,14361253091.20203,4516656417.317152
2019-03-17 00:00:00 UTC,138.6212311815611,14851771023.327797,5028384268.605798
2019-03-18 00:00:00 UTC,137.64970650441992,14586546977.699163,3199446057.876327
2019-03-19 00:00:00 UTC,138.4104437556948,14494423793.922012,4376898989.28187
2019-03-20 00:00:00 UTC,139.10113863742038,14575551670.81986,4016426025.58921
2019-03-21 00:00:00 UTC,135.03163782822523,14648586039.73912,3973633646.8362665
2019-03-22 00:00:00 UTC,136.0246058692759,14224771339.892063,5384353960.70994
2019-03-23 00:00:00 UTC,137.09297045097733,14337592860.47557,4141934944.6775823
2019-03-24 00:00:00 UTC,136.1088777482868,14444551658.17736,3967618098.5533953
2019-03-25 00:00:00 UTC,133.71121720496956,14342478845.284967,4790569015.128874
2019-03-26 00:00:00 UTC,134.04903020039822,14103156900.983946,5432886142.936563
2019-03-27 00:00:00 UTC,139.40481211576736,14129054740.084663,6476588988.092623
2019-03-28 00:00:00 UTC,137.79298823240651,14704389482.764309,6198160089.152456
2019-03-29 00:00:00 UTC,143.08276510395132,14529624799.62152,6396672575.982169
2019-03-30 00:00:00 UTC,142.27023377006446,15083718056.409752,6255543467.857647
2019-03-31 00:00:00 UTC,141.5217428983783,15005382590.00451,6776919057.046014
2019-04-01 00:00:00 UTC,141.39987559891978,14926327799.754929,5458536015.845167
2019-04-02 00:00:00 UTC,163.7687321492806,14927516087.022722,5357616900.097759
2019-04-03 00:00:00 UTC,159.8550154197621,17278678403.2341,11453242347.976295
2019-04-04 00:00:00 UTC,158.038187947761,16866478946.922544,13386383697.28288
2019-04-05 00:00:00 UTC,165.16405157287707,16635228415.2732,19038612085.36319
2019-04-06 00:00:00 UTC,165.44652820130267,17432789768.46025,7736108344.827481
2019-04-07 00:00:00 UTC,174.57849859959782,17454242188.006584,7202157956.225566
2019-04-08 00:00:00 UTC,179.7803248613571,18391392028.30888,8668497584.9293
2019-04-09 00:00:00 UTC,175.0410714383896,18982505929.966885,8969022577.283379
2019-04-10 00:00:00 UTC,177.15288234334943,18505420482.58942,7897075193.651944
2019-04-11 00:00:00 UTC,164.7047713203481,18721754731.771885,8948068335.34355
2019-04-12 00:00:00 UTC,164.4133115683569,17400684224.33645,8515444040.859715
2019-04-13 00:00:00 UTC,163.78069735458783,17367637367.36946,6906502577.602052
2019-04-14 00:00:00 UTC,167.85248259650555,17309791633.631985,5136486474.069527
2019-04-15 00:00:00 UTC,160.23226609033077,17715751220.48381,5325238453.829886
2019-04-16 00:00:00 UTC,166.32568588934691,16957793554.577604,6210960643.710447
2019-04-17 00:00:00 UTC,166.28398592687927,17595536708.021534,5745680198.288745
2019-04-18 00:00:00 UTC,173.67301290931897,17581246701.636692,5580173454.684784
2019-04-19 00:00:00 UTC,173.24042904997725,18345914932.292683,7294915982.598995
2019-04-20 00:00:00 UTC,173.35654105549247,18310598213.89259,7015104858.000089
2019-04-21 00:00:00 UTC,169.77255119894818,18322434334.35546,5577426630.916433
2019-04-22 00:00:00 UTC,171.16732481374416,17977102363.07216,6638756721.170325
2019-04-23 00:00:00 UTC,170.54527604860252,18096735168.95516,6226058504.659219
2019-04-24 00:00:00 UTC,165.59865315114735,18040927559.516216,7535843541.49167
2019-04-25 00:00:00 UTC,154.22836837946852,17515372087.98703,7259171917.517226
2019-04-26 00:00:00 UTC,156.55730180983485,16290024508.15441,7320184100.353283
2019-04-27 00:00:00 UTC,158.26340941756322,16554547118.345913,7504476180.584095
2019-04-28 00:00:00 UTC,156.5905379101886,16749023138.032583,5657999582.14943
2019-04-29 00:00:00 UTC,154.11868657795807,16572945055.741398,5860718572.199917
2019-04-30 00:00:00 UTC,160.89232687450863,16313493493.172138,6421627783.708251
2019-05-01 00:00:00 UTC,159.6097215592912,17021856667.052078,7359642652.763285
2019-05-02 00:00:00 UTC,160.9160872827485,16892037729.941702,6528559481.397568
2019-05-03 00:00:00 UTC,166.63081362730432,17044219196.222754,6593786978.899402
2019-05-04 00:00:00 UTC,162.8131908478309,17651361218.225872,6872096005.106643
2019-05-05 00:00:00 UTC,162.3779378287605,17247965614.11421,7116422162.294588
2019-05-06 00:00:00 UTC,172.45016429153458,17208655871.38797,6197777871.89008
2019-05-07 00:00:00 UTC,169.09835226291452,18275475690.68876,8150385127.15459
2019-05-08 00:00:00 UTC,170.09763856724152,17915875592.70307,9173484571.161018
2019-05-09 00:00:00 UTC,170.5235353011806,18028522489.727062,6487239211.318587
2019-05-10 00:00:00 UTC,172.76171588968103,18075175106.534283,6880470727.971671
2019-05-11 00:00:00 UTC,195.08074556341344,18319492574.9195,7785953466.629359
2019-05-12 00:00:00 UTC,187.81169105099625,20852049175.64197,13962535812.184006
2019-05-13 00:00:00 UTC,195.9744996435391,19921023463.24098,11390554625.507332
2019-05-14 00:00:00 UTC,217.68639930446915,20786185788.32047,11766631230.183046
2019-05-15 00:00:00 UTC,248.28686925713916,23104212231.36558,13666643251.530396
2019-05-16 00:00:00 UTC,263.6543072713928,26369246736.476906,14470535496.32344
2019-05-17 00:00:00 UTC,245.13841185169505,27990307792.879215,20914526857.801025
2019-05-18 00:00:00 UTC,234.68105878585715,26013205249.43705,16402626063.943596
2019-05-19 00:00:00 UTC,260.44081484173967,24925833444.926662,10462964531.235764
2019-05-20 00:00:00 UTC,251.72891115237653,27658580440.453114,13155058559.572998
2019-05-21 00:00:00 UTC,254.75577420340116,26721653524.071114,11867408265.52678
2019-05-22 00:00:00 UTC,244.21524752682583,27059854051.50736,10669457658.99497
2019-05-23 00:00:00 UTC,245.2302494669952,25950869271.00863,9557197367.780031
2019-05-24 00:00:00 UTC,248.9077580990755,26029131112.432503,11486925090.775295
2019-05-25 00:00:00 UTC,251.08551200947056,26439265653.805298,10454316987.832962
2019-05-26 00:00:00 UTC,266.2107707299385,26676773693.2745,10044737918.182837
2019-05-27 00:00:00 UTC,272.1794844494857,28280691836.846073,10946205296.106165
2019-05-28 00:00:00 UTC,271.55768893101634,29045981599.09392,13356172090.39825
2019-05-29 00:00:00 UTC,268.7286692592565,28856082266.550068,10721682897.699036
2019-05-30 00:00:00 UTC,255.2097546492558,28559905601.41623,10565850414.086586
2019-05-31 00:00:00 UTC,267.87006144972594,27125884194.10578,12960405187.361113
2019-06-01 00:00:00 UTC,264.7856198674485,28502418930.380653,13323853087.168415
2019-06-02 00:00:00 UTC,269.7183008152611,28153213421.805428,8935476508.881685
2019-06-03 00:00:00 UTC,251.20266452960217,28678785395.30522,9935615486.467844
2019-06-04 00:00:00 UTC,240.9141263577757,26772309111.14184,9618242055.300718
2019-06-05 00:00:00 UTC,245.89454854958225,25622180026.296684,10627269959.745014
2019-06-06 00:00:00 UTC,249.65968493856445,26206744869.001945,8515752026.840099
2019-06-07 00:00:00 UTC,249.9917941412386,26593088205.943977,7886016790.4238
2019-06-08 00:00:00 UTC,244.12364544135156,26598637091.964695,8505090348.834784
2019-06-09 00:00:00 UTC,231.68094126115807,25977419645.15506,7319361371.551061
2019-06-10 00:00:00 UTC,247.45332944454088,24659089125.344353,8007002510.187883
2019-06-11 00:00:00 UTC,245.37193091509332,26336109718.657906,8381282927.554602
2019-06-12 00:00:00 UTC,261.676431252708,26105396373.911884,8018857421.881617
2019-06-13 00:00:00 UTC,255.2178888618253,27844347104.626144,9706631309.442442
2019-06-14 00:00:00 UTC,263.5573050218723,27168666362.08945,8735261333.29261
2019-06-15 00:00:00 UTC,268.4309341526794,28067372505.49764,9682420116.289503
2019-06-16 00:00:00 UTC,268.90743117673156,28582614191.19823,8182536248.302191
2019-06-17 00:00:00 UTC,273.57640847762747,28636332325.86005,10453003146.879688
2019-06-18 00:00:00 UTC,265.10219978239354,29130352793.892315,10053422616.75746
2019-06-19 00:00:00 UTC,268.9873230458789,28235896951.854614,9121524606.7122
2019-06-20 00:00:00 UTC,272.29485818457374,28661930042.123653,7566105802.069658
2019-06-21 00:00:00 UTC,295.2378036444994,29018754895.798656,8911454717.960636
2019-06-22 00:00:00 UTC,309.9465711456877,31480433291.940987,13950810657.709572
2019-06-23 00:00:00 UTC,308.18663111873036,33068882157.627632,14976203713.609509
2019-06-24 00:00:00 UTC,310.9670648502168,32831768264.013622,11056308799.386835
2019-06-25 00:00:00 UTC,318.6892215513723,33157589418.00623,10662411676.674408
2019-06-26 00:00:00 UTC,337.9905809634018,33993913995.731236,11378560710.105928
2019-06-27 00:00:00 UTC,297.6749187426528,36048716051.633255,20824049603.19829
2019-06-28 00:00:00 UTC,310.9062554191736,31756530344.822975,18078681948.441177
2019-06-29 00:00:00 UTC,319.94523668202083,33066337505.644928,13774328329.335815
2019-06-30 00:00:00 UTC,291.2406396362288,34295847214.88928,15425271556.75365
2019-07-01 00:00:00 UTC,294.55399865392735,31078407263.07035,14356043479.377607
2019-07-02 00:00:00 UTC,291.1979698438076,31437903023.12855,14490563658.846205
2019-07-03 00:00:00 UTC,303.88470651141483,31055480261.607864,13421951791.28062
2019-07-04 00:00:00 UTC,285.33567695881965,32438952194.132786,13857864729.212685
2019-07-05 00:00:00 UTC,287.9318381803931,30475391932.522373,11882732453.036907
2019-07-06 00:00:00 UTC,289.36452088333203,30735237777.359024,11954520827.300396
2019-07-07 00:00:00 UTC,306.0106534370023,30919449866.31237,11060789737.385328
2019-07-08 00:00:00 UTC,313.12468612125133,32685677672.407894,10114568381.988234
2019-07-09 00:00:00 UTC,308.0573484227558,33448959965.418903,11749333383.750868
2019-07-10 00:00:00 UTC,290.23168338774195,32896707503.15678,12857664728.44696
2019-07-11 00:00:00 UTC,269.631593728009,31011884611.71239,13644402095.600424
2019-07-12 00:00:00 UTC,276.0350066806031,28786563926.08749,12387982694.003923
2019-07-13 00:00:00 UTC,270.31830423673676,29504409220.0474,9772316251.8157
2019-07-14 00:00:00 UTC,227.6420005410681,28899018391.652435,8490777809.925323
2019-07-15 00:00:00 UTC,229.1865433562764,24292392566.512947,10402856569.797174
2019-07-16 00:00:00 UTC,199.14502240723093,24540659087.70448,11519428531.272873
2019-07-17 00:00:00 UTC,211.41939676399372,21291628170.96901,10958929070.202637
2019-07-18 00:00:00 UTC,225.94497169752643,22609091111.14669,11289359067.073118
2019-07-19 00:00:00 UTC,221.16355732215868,24204476103.867947,10661917925.922794
2019-07-20 00:00:00 UTC,228.8981106240442,23656296540.269905,9560986933.12975
2019-07-21 00:00:00 UTC,225.42381936546087,24489844200.475334,9345721097.353556
2019-07-22 00:00:00 UTC,217.75436220934975,24126574757.727295,9393771004.431849
2019-07-23 00:00:00 UTC,212.74013156812595,23292004229.538525,9132719298.30304
2019-07-24 00:00:00 UTC,216.50851052254075,22833250656.49764,7369570556.223384
2019-07-25 00:00:00 UTC,219.1228593904486,23248301678.441418,9246430522.019176
2019-07-26 00:00:00 UTC,219.1852258702598,23470702331.42532,8077783641.397142
2019-07-27 00:00:00 UTC,206.92591637954257,23506969243.983253,6893111873.917145
2019-07-28 00:00:00 UTC,211.17205994441443,22126340028.823063,7319542741.346778
2019-07-29 00:00:00 UTC,210.9379167515229,22606643453.70962,6807725685.99415
2019-07-30 00:00:00 UTC,209.68783336568703,22592600785.563095,6693541705.550126
2019-07-31 00:00:00 UTC,218.59113903655657,22458338904.121742,5614559861.993599
2019-08-01 00:00:00 UTC,216.87343813622888,23420612568.00368,7453991442.834224
2019-08-02 00:00:00 UTC,217.70881076109308,23234075426.45173,7117261953.04837
2019-08-03 00:00:00 UTC,221.613114682665,23327751709.906513,6546777757.082636
2019-08-04 00:00:00 UTC,222.0188843198762,23750748689.207943,7546660417.096413
2019-08-05 00:00:00 UTC,232.7305936359124,23797618440.951595,7461428878.763744
2019-08-06 00:00:00 UTC,226.4607412680488,24959265811.202427,10480618336.310793
2019-08-07 00:00:00 UTC,225.64341056074417,24284442182.877132,9344982271.03319
2019-08-08 00:00:00 UTC,221.32988344973697,24174826653.261677,9160348171.888529
2019-08-09 00:00:00 UTC,210.25246607436029,23752536887.254112,8217604160.028426
2019-08-10 00:00:00 UTC,206.45626242761543,22550693742.238445,9484811056.514048
2019-08-11 00:00:00 UTC,216.49808407708568,22150758046.952335,7943099910.675306
2019-08-12 00:00:00 UTC,211.13046126309052,23224218289.13908,7791115795.957305
2019-08-13 00:00:00 UTC,209.05357486542164,22655508419.17801,6620506915.404731
2019-08-14 00:00:00 UTC,186.24092715033575,22444805126.096115,7575268059.049188
2019-08-15 00:00:00 UTC,188.3378518187751,19969503176.325493,8956958115.507376
2019-08-16 00:00:00 UTC,185.44076728097585,20215739300.8346,9357228802.716312
2019-08-17 00:00:00 UTC,186.2718768062371,19913835467.11267,9029224929.894054
2019-08-18 00:00:00 UTC,194.32724818140903,19944324709.96613,6884818505.809713
2019-08-19 00:00:00 UTC,202.78222128002548,20870847292.206184,7425009346.592092
2019-08-20 00:00:00 UTC,196.16350743461624,21802803699.61936,7939968689.614533
2019-08-21 00:00:00 UTC,187.50217513547724,21068801128.81855,7948117019.133827
2019-08-22 00:00:00 UTC,190.29191969980505,20126549033.369843,8475867268.680498
2019-08-23 00:00:00 UTC,194.2659616619385,20556928688.320396,8591970134.563354
2019-08-24 00:00:00 UTC,190.660749524784,20870922294.77234,8457125358.106394
2019-08-25 00:00:00 UTC,186.77481537976576,20479461803.07209,6960875842.148851
2019-08-26 00:00:00 UTC,188.4311799623648,20073238853.4898,6658666638.193606
2019-08-27 00:00:00 UTC,187.27307893160992,20248302154.89465,7175774431.116922
2019-08-28 00:00:00 UTC,172.77897119346005,20129809621.539463,6810821590.285202
2019-08-29 00:00:00 UTC,168.9269344073619,18607459238.57753,7172839948.462122
2019-08-30 00:00:00 UTC,168.64139149735104,18163784123.35086,7472199150.1336975
2019-08-31 00:00:00 UTC,171.9423088820678,18134741219.692448,6635581907.680028
2019-09-01 00:00:00 UTC,171.2709215281678,18497182854.111477,6412623254.160825
2019-09-02 00:00:00 UTC,178.23445546238673,18423290825.192616,6296957821.631992
2019-09-03 00:00:00 UTC,178.6351762410225,19161227385.530743,7286412149.929155
2019-09-04 00:00:00 UTC,174.65034671519305,19220280871.513813,7678426630.887528
2019-09-05 00:00:00 UTC,173.90359841637002,18809914888.78317,6720983794.523697
2019-09-06 00:00:00 UTC,169.00774717534594,18725822327.983116,6778122162.056107
2019-09-07 00:00:00 UTC,177.88657991656908,18233694030.79639,8073048685.104572
2019-09-08 00:00:00 UTC,181.10736274610613,19138399955.325256,7371311297.485451
2019-09-09 00:00:00 UTC,180.60256069927732,19521996810.47327,7434425177.753499
2019-09-10 00:00:00 UTC,179.72894752210857,19466292119.117096,8200470053.201622
2019-09-11 00:00:00 UTC,178.52864662472663,19401002244.11203,6697733333.830627
2019-09-12 00:00:00 UTC,181.20550780611907,19202638591.26766,8029826299.076616
2019-09-13 00:00:00 UTC,181.42343501108073,19509664789.84091,6194406152.578613
2019-09-14 00:00:00 UTC,188.53079772834923,19522068957.29138,6496554738.808174
2019-09-15 00:00:00 UTC,189.75870064186256,20293357640.16396,7251271733.269662
2019-09-16 00:00:00 UTC,197.70954127863797,20420223500.38189,7158949177.284998
2019-09-17 00:00:00 UTC,208.81091733465135,21304874544.15025,8745671642.476538
2019-09-18 00:00:00 UTC,210.1528372380471,22539894115.92305,10973804040.575752
2019-09-19 00:00:00 UTC,221.38335887325252,22655424782.106262,9288092779.790903
2019-09-20 00:00:00 UTC,218.08020926673777,23929797622.15183,11789188738.683174
2019-09-21 00:00:00 UTC,215.21240890569183,23506622920.622055,8692406156.984058
2019-09-22 00:00:00 UTC,211.27470351473127,23222644352.438023,7181058298.905943
2019-09-23 00:00:00 UTC,200.8614722602077,22823536057.261593,8596357455.547094
2019-09-24 00:00:00 UTC,167.53806715784174,21692621845.095604,7621255186.074242
2019-09-25 00:00:00 UTC,170.07655749965343,18418924820.330776,11806559972.969011
2019-09-26 00:00:00 UTC,165.77565589193264,18357199561.983032,10510464099.453476
2019-09-27 00:00:00 UTC,174.18340876697278,17935659066.999718,8562959893.815314
2019-09-28 00:00:00 UTC,174.42849094942775,18774420928.916615,8921921587.480766
2019-09-29 00:00:00 UTC,169.45247154645855,18826733846.31465,7963079231.567037
2019-09-30 00:00:00 UTC,180.61119128538047,18291931888.657463,7346976193.211649
2019-10-01 00:00:00 UTC,176.22344963812222,19406718440.660538,9255549190.617737
2019-10-02 00:00:00 UTC,180.7923491064157,19081569452.28866,8051700699.80685
2019-10-03 00:00:00 UTC,174.63225095502014,19506079956.197968,7040463627.0555315
2019-10-04 00:00:00 UTC,175.6752348055343,18847984299.95913,5793209730.427341
2019-10-05 00:00:00 UTC,176.83544294163863,18995823017.35017,6807134209.294265
2019-10-06 00:00:00 UTC,170.60696901917797,19042923993.95847,6594039398.342502
2019-10-07 00:00:00 UTC,180.2521791389259,18427501542.25127,5891433698.088532
2019-10-08 00:00:00 UTC,180.59378996621516,19465530764.816418,8127884383.935609
2019-10-09 00:00:00 UTC,193.30032111496735,19537703569.993225,7544228044.558578
2019-10-10 00:00:00 UTC,191.44281748478124,20872314072.66135,10078758621.242908
2019-10-11 00:00:00 UTC,180.80474290281452,20652696730.863388,9095251388.765978
2019-10-12 00:00:00 UTC,179.68151585166865,19527206877.23259,8148425691.07235
2019-10-13 00:00:00 UTC,181.08930496180136,19446976715.25747,7719632683.512894
2019-10-14 00:00:00 UTC,186.97705264417272,19582213050.06367,7041947076.440935
2019-10-15 00:00:00 UTC,180.56681663018688,20182332549.589005,5853970142.658688
2019-10-16 00:00:00 UTC,174.8961626637963,19546629514.601265,7741523209.99413
2019-10-17 00:00:00 UTC,177.2718217649369,18919548315.91028,7934867778.290937
2019-10-18 00:00:00 UTC,172.97550466219673,19178914971.065346,6388224802.548736
2019-10-19 00:00:00 UTC,171.94376041498322,18706305683.6332,7363070855.697309
2019-10-20 00:00:00 UTC,175.1625115745572,18599659226.03012,6603759419.459683
2019-10-21 00:00:00 UTC,174.28043304263375,18965362751.491898,7197778829.952225
2019-10-22 00:00:00 UTC,171.12523708865217,18873688910.347576,6695209068.855743
2019-10-23 00:00:00 UTC,161.78589345220905,18557933609.733994,7048883962.0185175
2019-10-24 00:00:00 UTC,160.66967080430587,17500582600.310123,8148229578.954126
2019-10-25 00:00:00 UTC,182.33566395097543,17397336874.4921,7442732857.694531
2019-10-26 00:00:00 UTC,179.88511349682787,19650411975.130127,12011761060.066172
2019-10-27 00:00:00 UTC,184.14725508988212,19445219116.70484,14380737511.781927
2019-10-28 00:00:00 UTC,181.80099133650785,19878999648.07326,11194367493.273651
2019-10-29 00:00:00 UTC,190.71069299984737,19701956590.437145,10845611667.210695
2019-10-30 00:00:00 UTC,183.14118656454676,20640736667.0627,11156663756.111876
2019-10-31 00:00:00 UTC,182.4317305273119,19844553056.696297,10359455054.875216
2019-11-01 00:00:00 UTC,183.07784227653357,19806887489.357056,10754242419.1474
2019-11-02 00:00:00 UTC,183.22630815123975,19843332809.28795,8967024910.635183
2019-11-03 00:00:00 UTC,181.8000345594213,19860082418.795704,8676600564.678225
2019-11-04 00:00:00 UTC,185.65119283452717,19709596431.054516,15725588065.625824
2019-11-05 00:00:00 UTC,188.50716322570295,20135644286.14126,10437949635.43768
2019-11-06 00:00:00 UTC,191.15669442041695,20441676545.509075,11201688131.572008
2019-11-07 00:00:00 UTC,186.7965634070571,20731490420.9531,10218639556.374426
2019-11-08 00:00:00 UTC,183.70138753604337,20263208071.16783,9019631593.62744
2019-11-09 00:00:00 UTC,184.930081019348,19922829399.444794,9429783442.476055
2019-11-10 00:00:00 UTC,189.0548642049297,20063387504.665024,7381175243.795198
2019-11-11 00:00:00 UTC,184.77204748125783,20512826020.589863,8690336698.008472
2019-11-12 00:00:00 UTC,187.04121202429135,20066052626.31995,7581364455.947137
2019-11-13 00:00:00 UTC,187.8331355181768,20253767836.417084,8046389210.174166
2019-11-14 00:00:00 UTC,184.7360029212268,20387874824.714,6993509874.97392
2019-11-15 00:00:00 UTC,180.16852830769815,20057158662.09427,7975958282.127688
2019-11-16 00:00:00 UTC,182.5991130982844,19560492857.71033,9104496541.821602
2019-11-17 00:00:00 UTC,183.98954987094947,19828736981.132973,6984424973.602705
2019-11-18 00:00:00 UTC,178.3671437730729,19979972014.24594,6735166623.572898
2019-11-19 00:00:00 UTC,175.7054424616912,19368856364.95644,8114937280.187244
2019-11-20 00:00:00 UTC,174.67824804178562,19097298311.35809,7830143845.595783
2019-11-21 00:00:00 UTC,161.14272747689716,18987792383.23176,7005384129.374019
2019-11-22 00:00:00 UTC,149.92318111743245,17507110567.11747,8690965094.907274
2019-11-23 00:00:00 UTC,152.35997024527188,16290058021.1088,13006968416.32905
2019-11-24 00:00:00 UTC,140.49699564573623,16542855738.706274,7434753240.03874
2019-11-25 00:00:00 UTC,146.25193060940657,15242198228.4973,7726287318.197492
2019-11-26 00:00:00 UTC,147.5699894882876,15902605409.389791,10478177878.225431
2019-11-27 00:00:00 UTC,152.6932713933821,16042221174.056234,7533282903.411829
2019-11-28 00:00:00 UTC,150.91974516966573,16624532572.65548,8639232465.498625
2019-11-29 00:00:00 UTC,154.3370362968307,16410189698.68012,6569081239.820948
2019-11-30 00:00:00 UTC,151.73420955820802,16777574045.598434,6944337661.086457
2019-12-01 00:00:00 UTC,150.98654430031738,16526371128.750948,5566037740.669025
2019-12-02 00:00:00 UTC,148.79846310651797,16422216986.627,6846269238.841943
2019-12-03 00:00:00 UTC,147.1116487791219,16185764573.775602,5009648609.0857
2019-12-04 00:00:00 UTC,145.1808722410713,16004493267.215462,5417562888.01495
2019-12-05 00:00:00 UTC,147.80145420657334,15795683590.840311,6869237952.358972
2019-12-06 00:00:00 UTC,148.54772697410948,16082551493.802715,6422440855.310853
2019-12-07 00:00:00 UTC,147.03639214217952,16165493983.127811,5668890676.761947
2019-12-08 00:00:00 UTC,150.29507575019733,16015095026.656464,4989792591.776264
2019-12-09 00:00:00 UTC,147.40263034365475,16359188897.719095,6028865452.440314
2019-12-10 00:00:00 UTC,145.51079225264547,16046094018.573368,5742336421.856364
2019-12-11 00:00:00 UTC,143.12935984289393,15841894558.977262,6188048854.59301
2019-12-12 00:00:00 UTC,144.81901101223065,15584287049.41677,5883346042.364552
2019-12-13 00:00:00 UTC,144.64090910037265,15788957248.11528,6920644824.204896
2019-12-14 00:00:00 UTC,141.81841705041745,15749841565.5867,5882655900.511232
2019-12-15 00:00:00 UTC,142.22360376523122,15446375335.091549,6169271236.094859
2019-12-16 00:00:00 UTC,132.68803376667958,15492026087.538933,6838130059.163344
2019-12-17 00:00:00 UTC,121.80069003313818,14454745984.381992,8949278196.738888
2019-12-18 00:00:00 UTC,132.71896999181044,13269980797.43073,9881758226.723022
2019-12-19 00:00:00 UTC,128.14104177267737,14463324052.769655,11541709759.434343
2019-12-20 00:00:00 UTC,128.28804586849944,13963420762.351688,7868946943.611691
2019-12-21 00:00:00 UTC,127.06049484104864,13983479045.983562,7404071526.457039
2019-12-22 00:00:00 UTC,132.16643919953825,13835225941.813122,6053195178.9637575
2019-12-23 00:00:00 UTC,128.0829613808465,14407393064.421265,7369027514.849774
2019-12-24 00:00:00 UTC,127.9440885789954,13932981482.574308,6977084659.633995
2019-12-25 00:00:00 UTC,125.12517547857573,13937886620.894695,7715173421.856184
2019-12-26 00:00:00 UTC,125.34739797187076,13638505587.030851,6679900218.882303
2019-12-27 00:00:00 UTC,126.31417465039988,13697063182.217916,8169381214.279788
2019-12-28 00:00:00 UTC,127.97819403346232,13776842163.521744,7674829842.769525
2019-12-29 00:00:00 UTC,134.32996985741934,13967385490.733185,5557503402.269229
2019-12-30 00:00:00 UTC,131.18091765806824,14651799743.678543,6741253534.745727
2019-12-31 00:00:00 UTC,128.8124158026976,14330460495.39055,6429602188.145304
2020-01-01 00:00:00 UTC,130.54256731109814,14087910535.594212,7460477568.440684
2020-01-02 00:00:00 UTC,127.03824633590028,14230588104.281237,6475817634.82716
2020-01-03 00:00:00 UTC,133.700493717749,13859793329.814829,6494810909.856363
2020-01-04 00:00:00 UTC,134.09196657175116,14590717540.001469,9629884658.08985
2020-01-05 00:00:00 UTC,135.15713455286303,14635265137.043438,6831182026.213369
2020-01-06 00:00:00 UTC,143.80224409430528,14738834254.266088,7449189906.322322
2020-01-07 00:00:00 UTC,142.98150024655936,15699468875.186205,9513927063.778408
2020-01-08 00:00:00 UTC,140.28785954100582,15610444184.069332,9850623588.470072
2020-01-09 00:00:00 UTC,137.6693696046312,15319157403.646742,10097643767.100916
2020-01-10 00:00:00 UTC,144.09631584504828,15051038773.434277,8011852966.065037
2020-01-11 00:00:00 UTC,141.69573009593688,15798161452.078283,9650459213.16356
2020-01-12 00:00:00 UTC,145.21943595168543,15478704801.446943,9639249157.251184
2020-01-13 00:00:00 UTC,143.34571731947358,15859031094.44091,8476918018.622798
2020-01-14 00:00:00 UTC,165.89331237504547,15662860022.53582,8833356050.905663
2020-01-15 00:00:00 UTC,166.26420995168263,18139522482.878536,17717793145.984726
2020-01-16 00:00:00 UTC,164.40602095551665,18171589833.991867,17861163848.53867
2020-01-17 00:00:00 UTC,170.56176876698808,17905141123.43376,15361752059.826555
2020-01-18 00:00:00 UTC,174.17825986487375,18645950791.090057,17132689995.340729
2020-01-19 00:00:00 UTC,166.66063889110848,19050253989.054195,15654484363.693785
2020-01-20 00:00:00 UTC,166.6163759356701,18220366702.24461,14054757186.588593
2020-01-21 00:00:00 UTC,169.14329739165123,18221461199.986355,11030135748.038555
2020-01-22 00:00:00 UTC,167.8280117490103,18515073984.79172,8514428715.761796
2020-01-23 00:00:00 UTC,163.04950224665842,18358377435.95901,8791044136.062254
2020-01-24 00:00:00 UTC,162.2477776602177,17722969842.693172,10144833490.17964
2020-01-25 00:00:00 UTC,160.4084779762999,17769763874.8004,11200166267.237127
2020-01-26 00:00:00 UTC,167.67203621708074,17587666193.195988,8652159419.713072
2020-01-27 00:00:00 UTC,169.7180285774631,18347919983.332554,10520468575.863276
2020-01-28 00:00:00 UTC,175.3108102452173,18578867811.43658,12434323847.863874
2020-01-29 00:00:00 UTC,173.70072591216794,19178183052.2231,14174433476.994854
2020-01-30 00:00:00 UTC,184.66795820887847,19018200155.705215,15560042361.04879
2020-01-31 00:00:00 UTC,179.25969470650142,20227141097.85884,16993493544.501553
2020-02-01 00:00:00 UTC,183.17536982414757,19627660742.821472,17816605719.984634
2020-02-02 00:00:00 UTC,188.2290479549412,20079997942.89275,18715304478.58258
2020-02-03 00:00:00 UTC,189.83052126036011,20653603994.109898,21823095720.33006
2020-02-04 00:00:00 UTC,188.5800104718733,20797253009.92737,23175316294.267464
2020-02-05 00:00:00 UTC,203.6793733314383,20690727958.992134,21636351530.4945
2020-02-06 00:00:00 UTC,213.07840305661185,22338859462.106083,28703365949.4665
2020-02-07 00:00:00 UTC,223.3696654503776,23314192702.7033,31266452708.25234
2020-02-08 00:00:00 UTC,223.28714665643992,24482916335.21513,33906302462.112312
2020-02-09 00:00:00 UTC,228.45300854801093,24478412143.01876,35925342179.588615
2020-02-10 00:00:00 UTC,223.17789188824523,25028660741.893036,37004769318.71639
2020-02-11 00:00:00 UTC,237.0007385889829,24577280465.17777,38793013872.13511
2020-02-12 00:00:00 UTC,265.69993965374283,25966283262.662064,17491236050.930183
2020-02-13 00:00:00 UTC,267.9444683119771,29001954205.996136,27964308233.830315
2020-02-14 00:00:00 UTC,284.72715180341993,29390553382.438576,32015682330.48734
2020-02-15 00:00:00 UTC,264.04486731796624,31059453816.69378,30689396596.357105
2020-02-16 00:00:00 UTC,261.30107336315956,28970025215.74196,32083847318.26776
2020-02-17 00:00:00 UTC,267.94739705547613,28746450516.039288,25387930140.195568
2020-02-18 00:00:00 UTC,282.1526300472871,29405531523.389385,26588026761.775227
2020-02-19 00:00:00 UTC,259.23828127205985,30968305888.666847,29671798922.658867
2020-02-20 00:00:00 UTC,257.504735678331,28456850201.56904,26246224837.19443
2020-02-21 00:00:00 UTC,265.10343689751556,28270048707.00151,32133260367.395195
2020-02-22 00:00:00 UTC,261.42229016564795,29114570356.366127,18520386103.864788
2020-02-23 00:00:00 UTC,274.60991807011106,28657670954.134422,14832441546.615992
2020-02-24 00:00:00 UTC,265.3211629070023,30161507567.269325,17560996208.507454
2020-02-25 00:00:00 UTC,248.0224024507444,29142631343.52014,21008989969.87024
2020-02-26 00:00:00 UTC,224.07394016223807,27245909022.506653,17022359613.311487
2020-02-27 00:00:00 UTC,226.93135458685873,24618173359.36954,20382792455.794422
2020-02-28 00:00:00 UTC,227.3684148354037,24935200321.207977,24289163906.48632
2020-02-29 00:00:00 UTC,218.15666362585844,24986310454.96077,20286033266.742363
2020-03-01 00:00:00 UTC,218.89290353188443,23998031506.36197,14874254170.25727
2020-03-02 00:00:00 UTC,231.73328767016693,24060840440.935703,16555984117.034916
2020-03-03 00:00:00 UTC,223.7203894791975,25469518217.533356,17398179836.80745
2020-03-04 00:00:00 UTC,224.2114949963197,24623968305.472645,17538733073.17588
2020-03-05 00:00:00 UTC,228.1468463334968,24635535324.34428,14665970423.8412
2020-03-06 00:00:00 UTC,244.3745148597092,25083234123.141567,16058013847.7687
2020-03-07 00:00:00 UTC,237.66618486469724,26863510738.792435,17243584229.58299
2020-03-08 00:00:00 UTC,198.93219571302,26112499720.48301,16062352988.98249
2020-03-09 00:00:00 UTC,202.6489577398137,21885785130.11763,17041700478.96221
2020-03-10 00:00:00 UTC,200.64076855574612,22099139568.119545,23220203779.461075
2020-03-11 00:00:00 UTC,194.73609918246933,22091117162.26558,13810489698.420856
2020-03-12 00:00:00 UTC,110.16168154555308,21375073649.951973,14516517345.576777
2020-03-13 00:00:00 UTC,133.83840877647123,11956631650.303354,17481452371.704735
2020-03-14 00:00:00 UTC,122.6104814156226,14594177039.685455,26254083628.157143
2020-03-15 00:00:00 UTC,123.68947362240196,13505998666.239887,11878587446.809958
2020-03-16 00:00:00 UTC,111.30262544509864,13720267450.155403,11699234993.183847
2020-03-17 00:00:00 UTC,116.46402973618105,12222957493.479237,11995867329.367369
2020-03-18 00:00:00 UTC,117.84510512070943,12827211957.553717,10149898525.482012
2020-03-19 00:00:00 UTC,136.61112997095051,12964991178.021015,11824925392.41435
2020-03-20 00:00:00 UTC,132.5785637833898,15072034286.556376,14469084032.7996
2020-03-21 00:00:00 UTC,132.3067988157431,14607485102.38815,16547080703.184824
2020-03-22 00:00:00 UTC,122.43994174976288,14539289239.93074,12153493046.559347
2020-03-23 00:00:00 UTC,135.93303533935412,13493741292.752428,10230194751.975191
2020-03-24 00:00:00 UTC,138.89885130252844,14944699607.313162,12674407087.832468
2020-03-25 00:00:00 UTC,136.2742181254983,15297958998.31761,12179021074.094564
2020-03-26 00:00:00 UTC,138.99724913026674,15023975867.192936,8707322018.51014
2020-03-27 00:00:00 UTC,131.64589198279475,15300682129.320902,9243397433.869287
2020-03-28 00:00:00 UTC,131.4278442277146,14958737456.74538,7437781020.667989
2020-03-29 00:00:00 UTC,124.96654830165376,14494635689.35187,10956366003.612535
2020-03-30 00:00:00 UTC,132.3614062367172,13784175109.574797,7583709329.713502
2020-03-31 00:00:00 UTC,133.0211667867526,14601643455.859545,8469085169.912947
2020-04-01 00:00:00 UTC,135.7592115787696,14699970260.177477,9019206535.560974
2020-04-02 00:00:00 UTC,141.33049617166847,15030609640.697624,7318334134.903251
2020-04-03 00:00:00 UTC,141.31217100533354,15596866354.235483,13633973958.015852
2020-04-04 00:00:00 UTC,144.2780500634541,15591169510.261986,10937048430.95432
2020-04-05 00:00:00 UTC,142.68175802296196,15926074853.907455,9881454799.662155
2020-04-06 00:00:00 UTC,170.43239626665152,15770466064.128723,7592581549.077736
2020-04-07 00:00:00 UTC,164.52729762652987,18800637942.35543,17235133040.752457
2020-04-08 00:00:00 UTC,172.728115202561,18166748814.85624,16714419558.156286
2020-04-09 00:00:00 UTC,170.08928105043805,19069951705.873352,11481224427.251093
2020-04-10 00:00:00 UTC,157.74264923288294,18787453383.948498,11968418072.52408
2020-04-11 00:00:00 UTC,158.58782905964907,17424974771.182602,14137819724.904636
2020-04-12 00:00:00 UTC,158.979781048155,17505839316.593052,11282074051.967413
2020-04-13 00:00:00 UTC,156.87844592470134,17553429847.460194,13517756717.629671
2020-04-14 00:00:00 UTC,158.23844977869084,17316641314.145325,13357413986.100336
2020-04-15 00:00:00 UTC,153.08233756358837,17491823834.50909,11356256880.119898
2020-04-16 00:00:00 UTC,172.1604602092642,16936417940.20496,10609080497.163977
2020-04-17 00:00:00 UTC,170.54103853965165,18989526634.23506,16746006258.711905
2020-04-18 00:00:00 UTC,187.3872262632128,18844786940.26037,13909559193.944874
2020-04-19 00:00:00 UTC,180.12663298062796,20693453381.405083,15109359134.3008
2020-04-20 00:00:00 UTC,170.60954233293936,19920032770.52961,14009754947.322464
2020-04-21 00:00:00 UTC,170.51910499493502,18880315142.976994,15950644926.055387
2020-04-22 00:00:00 UTC,182.4210425291074,18854700370.07461,11781018680.152454
2020-04-23 00:00:00 UTC,184.74235610529047,20165266729.19022,15207207345.56852
2020-04-24 00:00:00 UTC,187.3879817028597,20424097900.416695,6612996800.149681
2020-04-25 00:00:00 UTC,194.2114936024105,20735826171.39486,13299055474.13478
2020-04-26 00:00:00 UTC,197.35465120177955,21493539618.075996,14459301615.010948
2020-04-27 00:00:00 UTC,196.52034813590737,21830270257.930058,14294680947.841175
2020-04-28 00:00:00 UTC,196.9439035998235,21748022561.87856,17780322819.404194
2020-04-29 00:00:00 UTC,215.39748998942173,21827328680.395943,15382581883.347977
2020-04-30 00:00:00 UTC,206.31881937934315,23866638022.57655,22040432431.63028
2020-05-01 00:00:00 UTC,211.99456939890905,22763059532.60051,23403529082.499313
2020-05-02 00:00:00 UTC,213.83578526198485,23476092859.081097,17140004776.72462
2020-05-03 00:00:00 UTC,210.01382428177985,23697702773.132874,14390930371.946589
2020-05-04 00:00:00 UTC,206.8269338896251,23266530804.625465,16134606781.28054
2020-05-05 00:00:00 UTC,205.23533516426085,22915121097.033245,17911963413.08347
2020-05-06 00:00:00 UTC,199.20793108735188,22740460359.466698,14346631077.231638
2020-05-07 00:00:00 UTC,211.76457267838032,22192399821.82399,18284542095.64329
2020-05-08 00:00:00 UTC,211.5532584462067,23529316269.481445,16279435733.50241
2020-05-09 00:00:00 UTC,210.42547758781572,23465345060.68516,18334775768.33842
2020-05-10 00:00:00 UTC,188.13868212790584,23328821609.133904,15258841081.353777
2020-05-11 00:00:00 UTC,185.87717545951728,20859785783.852856,19756709819.571102
2020-05-12 00:00:00 UTC,189.35123485769387,20589295582.052498,18025931671.751102
2020-05-13 00:00:00 UTC,199.77774481100053,20994511183.71676,11621938849.321178
2020-05-14 00:00:00 UTC,204.23415273447347,22113316088.756104,13261435036.834663
2020-05-15 00:00:00 UTC,194.33565249627603,22542220275.831696,18239164974.461845
2020-05-16 00:00:00 UTC,200.6056141435157,21553351034.789925,12843662608.964006
2020-05-17 00:00:00 UTC,206.76889403683904,22258617966.229633,12276045914.293488
2020-05-18 00:00:00 UTC,214.549736737421,22938430778.9383,13449821514.26736
2020-05-19 00:00:00 UTC,214.0256676932947,23811683349.20936,14265764272.467407
2020-05-20 00:00:00 UTC,209.9207882888633,23718770603.60249,12495891807.60468
2020-05-21 00:00:00 UTC,198.9175157507187,23303624068.60854,10429639020.80288
2020-05-22 00:00:00 UTC,206.9661493838862,22089212414.442772,8110302356.370864
2020-05-23 00:00:00 UTC,206.4112069583191,22981250179.336372,10702223864.575665
2020-05-24 00:00:00 UTC,200.69072858230615,22943289960.014706,8524288901.148943
2020-05-25 00:00:00 UTC,203.80930678626825,22417907964.48714,10782742329.00735
2020-05-26 00:00:00 UTC,200.96361540675863,22639118588.39778,9317095238.580172
2020-05-27 00:00:00 UTC,207.84589389085417,22325672542.330963,8593529312.403248
2020-05-28 00:00:00 UTC,219.59144127784057,23085068545.91044,8773050350.183073
2020-05-29 00:00:00 UTC,220.48966801266565,24401074175.930676,12329537053.440266
2020-05-30 00:00:00 UTC,243.0604185824102,24504031642.684784,10335172125.056135
2020-05-31 00:00:00 UTC,231.33059709500097,27012940828.466957,13590663916.666569
2020-06-01 00:00:00 UTC,248.04456658448655,25826193966.024128,11250161848.455946
2020-06-02 00:00:00 UTC,237.2653201286792,27559451838.43636,12532381844.259752
2020-06-03 00:00:00 UTC,244.1253366100756,26414164713.757725,11228877888.97363
2020-06-04 00:00:00 UTC,243.1494193984856,27137533088.4328,9023955445.45879
2020-06-05 00:00:00 UTC,240.24696898765103,27042010953.714745,9638459292.131607
2020-06-06 00:00:00 UTC,242.021640367215,26722521046.76495,8222827212.494165
2020-06-07 00:00:00 UTC,244.32081890167888,26923196533.750423,7581565794.828065
2020-06-08 00:00:00 UTC,246.21993292852605,27171815718.256775,9412748102.111685
2020-06-09 00:00:00 UTC,243.8044661883501,27396110796.591057,8134890281.038269
2020-06-10 00:00:00 UTC,247.66552360475683,27136492458.889786,8045185869.580441
2020-06-11 00:00:00 UTC,231.5851067423382,27564490891.858906,7910254930.014201
2020-06-12 00:00:00 UTC,237.60439665650503,25824205344.062218,11940066167.39794
2020-06-13 00:00:00 UTC,238.18634497491792,26449977024.2288,9200522861.815208
2020-06-14 00:00:00 UTC,231.49094081802895,26531176095.033215,6213291289.26213
2020-06-15 00:00:00 UTC,230.82648897512655,25856836267.17579,7972449343.827975
2020-06-16 00:00:00 UTC,235.32584409054996,25727315412.61605,9690733764.723534
2020-06-17 00:00:00 UTC,233.8392429775821,26206196967.82947,8035878478.375464
2020-06-18 00:00:00 UTC,231.3779697138516,26047954928.79626,6729093159.713361
2020-06-19 00:00:00 UTC,229.1966365424611,25811113405.943615,6340201435.306568
2020-06-20 00:00:00 UTC,228.84073143710955,25534271650.26011,6773662952.241688
2020-06-21 00:00:00 UTC,227.89678797221697,25501270877.342503,5408698815.920756
2020-06-22 00:00:00 UTC,243.21342493252592,25398456145.020813,5108684294.227058
2020-06-23 00:00:00 UTC,243.1260349908157,27108769769.054485,7688747381.23182
2020-06-24 00:00:00 UTC,234.66279122696528,27097142032.576195,6392050991.8636
2020-06-25 00:00:00 UTC,232.30572621206383,26239099771.426495,7677428053.794139
2020-06-26 00:00:00 UTC,229.6352307363347,25940736775.475708,6320950394.390461
2020-06-27 00:00:00 UTC,220.7199202833402,25607856299.50011,5716448667.817647
2020-06-28 00:00:00 UTC,225.18174030647748,24650756780.212147,5003554443.763311
2020-06-29 00:00:00 UTC,227.98064649752777,25112374330.11569,4581781273.593034
2020-06-30 00:00:00 UTC,225.3661862163411,25441270516.81531,5822338479.712791
2020-07-01 00:00:00 UTC,230.97324116292165,25169333234.47631,5132099214.9538555
2020-07-02 00:00:00 UTC,226.51349843165872,25738012877.807858,5128032635.727974
2020-07-03 00:00:00 UTC,225.0012433374597,25284990219.958416,4770017365.777257
2020-07-04 00:00:00 UTC,229.229092926221,25132071680.625286,4737357228.3349
2020-07-05 00:00:00 UTC,228.0236803927424,25572481115.808292,4613554726.217593
2020-07-06 00:00:00 UTC,241.54029479807255,25442148685.628662,3448306165.100046
2020-07-07 00:00:00 UTC,239.2059241335109,26966777214.595856,7353517711.076245
2020-07-08 00:00:00 UTC,246.80237851166777,26667827703.348965,4749737031.712555
2020-07-09 00:00:00 UTC,241.95654505451668,27565431617.46141,6963404550.580987
2020-07-10 00:00:00 UTC,240.98499427070905,27028714104.775173,5555345764.665958
2020-07-11 00:00:00 UTC,239.1779534303344,26919411722.50235,5000699990.240006
2020-07-12 00:00:00 UTC,242.88818035730543,26712364780.15311,4509969817.255751
2020-07-13 00:00:00 UTC,239.7097380758999,27077569433.29224,4019940409.8379745
2020-07-14 00:00:00 UTC,240.46863207638856,26782178359.454456,5259063333.250281
2020-07-15 00:00:00 UTC,238.6139908783053,26850624172.073513,4640170507.058287
2020-07-16 00:00:00 UTC,233.6066396125943,26676418610.216866,4476219947.731461
2020-07-17 00:00:00 UTC,232.70817116154356,26125690139.099056,5339233170.792235
2020-07-18 00:00:00 UTC,235.692843570402,26017036554.03832,4304697266.337699
2020-07-19 00:00:00 UTC,239.116608462076,26352655621.666836,4164623678.874029
2020-07-20 00:00:00 UTC,235.93343554504685,26715274452.48371,4094297789.325813
2020-07-21 00:00:00 UTC,245.38177240958672,26401433618.61543,5089671593.8407
2020-07-22 00:00:00 UTC,264.0481807980067,27447322207.065704,5818693676.097434
2020-07-23 00:00:00 UTC,275.3089581224139,29506886585.470325,6880102483.382959
2020-07-24 00:00:00 UTC,279.42259993187514,30769097782.262383,9051027820.339802
2020-07-25 00:00:00 UTC,305.2486340348072,31266961450.31128,7760543914.261384
2020-07-26 00:00:00 UTC,311.2702378400244,34136825749.960796,10274743769.917974
2020-07-27 00:00:00 UTC,322.56970539258947,34754323492.16516,12022724640.747574
2020-07-28 00:00:00 UTC,317.15890332584934,35873239729.40686,14493203263.862932
2020-07-29 00:00:00 UTC,317.8204069195738,35422047874.02414,12111341047.59842
2020-07-30 00:00:00 UTC,334.255400754657,35553131948.946304,10435969126.827478
2020-07-31 00:00:00 UTC,346.6409202281634,37564052087.124535,11810643641.507069
2020-08-01 00:00:00 UTC,387.4919038513335,38820946979.1887,11011383194.260303
2020-08-02 00:00:00 UTC,371.5556095026018,43401239451.74432,15323692826.941065
2020-08-03 00:00:00 UTC,387.332412234695,41621359275.28855,19776418080.662094
2020-08-04 00:00:00 UTC,389.54191702012093,43272376856.193855,14399399244.885096
2020-08-05 00:00:00 UTC,401.1066685575637,43628964063.02237,11392953739.876669
2020-08-06 00:00:00 UTC,394.2780470074967,44844619093.01642,12572000921.949774
2020-08-07 00:00:00 UTC,379.6134580147131,44217734699.09528,10911479691.24523
2020-08-08 00:00:00 UTC,394.7226051131181,42549838465.1558,11874330207.356943
2020-08-09 00:00:00 UTC,390.758907203792,43821378072.89572,10500068159.186705
2020-08-10 00:00:00 UTC,395.62210300956394,43682388559.8162,9088328180.752691
2020-08-11 00:00:00 UTC,378.959224490825,44298575284.664795,12561201487.251936
2020-08-12 00:00:00 UTC,386.7668688034976,42521315779.006035,12874834435.041456
2020-08-13 00:00:00 UTC,427.49026536796873,43436076387.69582,12917349686.038143
2020-08-14 00:00:00 UTC,438.7625874702974,47693538253.1255,17422050835.673008
2020-08-15 00:00:00 UTC,432.3215016962723,49022330904.64755,15546677422.815374
2020-08-16 00:00:00 UTC,433.99304217849584,48542277629.961945,11938516573.81952
2020-08-17 00:00:00 UTC,430.7353480190592,48635333662.57019,12355228735.218752
2020-08-18 00:00:00 UTC,422.5667491215458,48259667903.08671,12862093749.666178
2020-08-19 00:00:00 UTC,406.0932671921693,47376036896.81343,12569603845.293217
2020-08-20 00:00:00 UTC,416.2428547946885,45642757811.590775,13079411252.396706
2020-08-21 00:00:00 UTC,387.0575904709873,46754739209.41609,9753405960.572622
2020-08-22 00:00:00 UTC,395.8443745495612,43452203376.10607,12324861538.956038
2020-08-23 00:00:00 UTC,390.7287288716633,44454504740.72998,11238668572.092432
2020-08-24 00:00:00 UTC,408.0446558782021,43887675147.65296,9842460083.172842
2020-08-25 00:00:00 UTC,382.4464226451533,45844150435.94202,10652566253.16554
2020-08-26 00:00:00 UTC,385.58478546384714,43097616381.47341,12841200702.83196
2020-08-27 00:00:00 UTC,382.8502146905413,43337732292.52325,10341324056.339647
2020-08-28 00:00:00 UTC,395.2774007012128,42903096293.90094,10429128613.49793
2020-08-29 00:00:00 UTC,398.4703655886363,44402928843.0099,10226417797.920254
2020-08-30 00:00:00 UTC,428.85317834488023,44884412904.61814,9649068794.663897
2020-08-31 00:00:00 UTC,434.52058112565066,48140619495.12735,12975610773.54308
2020-09-01 00:00:00 UTC,475.6196758654498,48870048273.81167,13944730707.228342
2020-09-02 00:00:00 UTC,439.3809465952437,53480232948.66299,10950112263.006382
2020-09-03 00:00:00 UTC,382.9079131901309,49401551509.00041,19308423366.91021
2020-09-04 00:00:00 UTC,388.265260166833,43147998188.72781,17985461212.311024
2020-09-05 00:00:00 UTC,334.5742744557615,43627087090.32896,4126854622.909029
2020-09-06 00:00:00 UTC,352.5673429684082,37621820429.57577,23175788069.03654
2020-09-07 00:00:00 UTC,353.2670725056037,39710363028.2121,20845200584.304543
2020-09-08 00:00:00 UTC,337.655382108555,39616401889.91429,17770398999.967102
2020-09-09 00:00:00 UTC,351.23975177820006,37994127950.81384,14467942826.589993
2020-09-10 00:00:00 UTC,367.7879348109583,39526569816.416435,13426344127.939425
2020-09-11 00:00:00 UTC,373.9079622546078,41377927081.51347,74714167317.40105
2020-09-12 00:00:00 UTC,387.9417717679657,42088629518.64635,13160129230.472036
2020-09-13 00:00:00 UTC,366.1003526366457,43673625568.19606,11763902194.413462
2020-09-14 00:00:00 UTC,376.7815195031208,41174139498.45304,13477590330.139196
2020-09-15 00:00:00 UTC,364.4336457491026,42427412074.15109,14680501662.665432
2020-09-16 00:00:00 UTC,364.9421727930465,41019180031.929504,12445000505.996693
2020-09-17 00:00:00 UTC,389.25362413378,41129113846.45421,13334321436.350512
2020-09-18 00:00:00 UTC,384.05044521573416,43828530075.491394,16922775144.883017
2020-09-19 00:00:00 UTC,385.0389013132142,43192905819.9186,13242618063.822842
2020-09-20 00:00:00 UTC,370.83134378040256,43410491633.20664,7238471550.579333
2020-09-21 00:00:00 UTC,340.0658534339322,41803053847.887665,10881497932.184494
2020-09-22 00:00:00 UTC,344.17125098254354,38411441875.10998,14894001674.84988
2020-09-23 00:00:00 UTC,320.14573523877135,38792828962.90909,11961637220.89706
2020-09-24 00:00:00 UTC,348.8947252273864,36239170986.342445,11131419809.60092
2020-09-25 00:00:00 UTC,351.81054998643424,39326421587.308914,12271632115.435854
2020-09-26 00:00:00 UTC,354.0686580817478,39625617980.97809,12225486924.505676
2020-09-27 00:00:00 UTC,357.3406316269569,39946698187.61045,10734525274.310335
2020-09-28 00:00:00 UTC,353.5329159465248,40301271407.597755,10029065805.664677
2020-09-29 00:00:00 UTC,359.60454842297924,39981835980.41138,11468491026.374048
2020-09-30 00:00:00 UTC,359.3525736951381,40574256067.82458,10393138126.546118
2020-10-01 00:00:00 UTC,352.8507191183829,40586538615.954575,9630936978.271029
2020-10-02 00:00:00 UTC,345.9712803870067,39852834626.88232,11801193622.619276
2020-10-03 00:00:00 UTC,346.0507808464497,39035402507.04394,11103181160.66371
2020-10-04 00:00:00 UTC,352.4316478594932,39098719406.98244,8024319765.155542
2020-10-05 00:00:00 UTC,353.941032531877,39783492753.73243,8456200386.27668
2020-10-06 00:00:00 UTC,340.4680493499048,39910471219.703224,6721989737.612487
2020-10-07 00:00:00 UTC,341.7403838210948,38437121700.20978,9966251579.836235
2020-10-08 00:00:00 UTC,351.1247268756735,38556379197.91778,9567196146.751863
2020-10-09 00:00:00 UTC,365.025951352415,39539898845.29083,10549647927.264952
2020-10-10 00:00:00 UTC,370.8366616929325,41261693685.49925,10163127076.201796
2020-10-11 00:00:00 UTC,374.1044903730364,41919449520.12781,10885323178.674393
2020-10-12 00:00:00 UTC,386.8815914663434,42306162416.35895,9487827984.463936
2020-10-13 00:00:00 UTC,380.9036115441609,43749256040.71493,12417131983.244131
2020-10-14 00:00:00 UTC,379.566363215087,43068111158.10915,10610077727.678246
2020-10-15 00:00:00 UTC,377.5830164003462,42894306702.82881,10922313451.189447
2020-10-16 00:00:00 UTC,365.6065029686463,42627401733.33916,10359361411.143068
2020-10-17 00:00:00 UTC,368.646795293532,41424753265.12099,9803520628.663818
2020-10-18 00:00:00 UTC,377.9732938940376,41654901940.043465,8049864098.779084
2020-10-19 00:00:00 UTC,379.31512868213287,42730815492.78595,4604523479.597589
2020-10-20 00:00:00 UTC,368.5298716260776,42918997198.79809,8979353280.243742
2020-10-21 00:00:00 UTC,391.4873609457458,41623179886.79757,9330320082.340149
2020-10-22 00:00:00 UTC,413.55852412303034,44228323729.6067,11937792969.144943
2020-10-23 00:00:00 UTC,409.2482173419162,46780635478.48125,12420297541.065004
2020-10-24 00:00:00 UTC,411.88089145245266,46233128841.054825,11286801025.45444
2020-10-25 00:00:00 UTC,405.8614902784632,46625376044.79527,8361008938.363955
2020-10-26 00:00:00 UTC,393.3644106601771,45926453538.5587,5079159018.652388
2020-10-27 00:00:00 UTC,403.51939228430047,44517599146.5423,14753656911.045803
2020-10-28 00:00:00 UTC,388.5918561871716,45672380673.97742,10109711175.224092
2020-10-29 00:00:00 UTC,386.8642017646467,43988086441.6726,11059948250.191849
2020-10-30 00:00:00 UTC,382.07483474544705,43750466181.06924,10296594430.79512
2020-10-31 00:00:00 UTC,385.1119138091284,43341298725.501526,10777603075.398523
2020-11-01 00:00:00 UTC,395.79744487731006,43692767478.3082,7579568177.461899
2020-11-02 00:00:00 UTC,383.21920838433795,44758734892.49788,8758908238.69671
2020-11-03 00:00:00 UTC,388.0078048118978,43437224863.28803,10625292474.655182
2020-11-04 00:00:00 UTC,401.7850485666053,43903834507.362854,9511766874.11426
2020-11-05 00:00:00 UTC,416.7395549139647,45513736704.244965,11654447411.33499
2020-11-06 00:00:00 UTC,455.467766378609,47219526042.911385,13437599097.90376
2020-11-07 00:00:00 UTC,435.3201965884437,51546745852.677986,15726087446.371284
2020-11-08 00:00:00 UTC,454.3138105478132,49336627507.46869,16399034168.030264
2020-11-09 00:00:00 UTC,444.5194376899527,51682115129.3641,11008778694.375412
2020-11-10 00:00:00 UTC,449.932379639189,50391249850.45014,12236164349.983744
2020-11-11 00:00:00 UTC,463.4862592520548,51000796202.07293,11032911416.838655
2020-11-12 00:00:00 UTC,463.1098044850489,52553872400.14933,11480585413.935242
2020-11-13 00:00:00 UTC,476.5172585458133,52414911964.639145,11342518346.319723
2020-11-14 00:00:00 UTC,461.9500003468348,53963588841.12771,9550795064.679852
2020-11-15 00:00:00 UTC,448.5592261572208,52398469913.388504,9732110288.519354
2020-11-16 00:00:00 UTC,461.0417074457164,50885685395.60268,8415965525.662881
2020-11-17 00:00:00 UTC,482.08105177893657,52356872782.26836,9876802815.46987
2020-11-18 00:00:00 UTC,479.2106075260876,54701508348.06512,12587522536.225798
2020-11-19 00:00:00 UTC,471.35105614603776,54407999432.87864,15526789171.29938
2020-11-20 00:00:00 UTC,509.23263140806966,53493066038.11827,11408426738.370558
2020-11-21 00:00:00 UTC,550.4989791914996,57875755337.83428,14437693201.119389
2020-11-22 00:00:00 UTC,559.5202540806456,62306636736.12302,15822879177.406622
2020-11-23 00:00:00 UTC,607.9228742545444,63526497485.72663,20392870206.37644
2020-11-24 00:00:00 UTC,603.6694887246966,69069979847.295,22402886686.973858
2020-11-25 00:00:00 UTC,567.8035129008487,68441472528.0415,20792573915.565823
2020-11-26 00:00:00 UTC,519.9518682526091,64490045977.909775,15073569601.526962
2020-11-27 00:00:00 UTC,518.0244482779339,58973302881.459656,25970814703.12863
2020-11-28 00:00:00 UTC,538.0224664210499,58791014549.471725,14695198563.949556
2020-11-29 00:00:00 UTC,576.2218028312687,61129377930.917366,9782739148.367912
2020-11-30 00:00:00 UTC,613.3917789698235,65310258461.5032,12922724878.628317
2020-12-01 00:00:00 UTC,588.777426568262,69581220124.65698,18833674573.66683
2020-12-02 00:00:00 UTC,599.1553099237078,66920100444.26657,23535380465.88361
2020-12-03 00:00:00 UTC,616.5457183154473,68062836505.45152,14815777587.329844
2020-12-04 00:00:00 UTC,568.6679743667898,70109767421.9594,12377246996.8331
2020-12-05 00:00:00 UTC,596.478587221496,64944263291.91259,14029615332.251232
2020-12-06 00:00:00 UTC,601.7836540539895,67764042948.9772,12352091193.506306
2020-12-07 00:00:00 UTC,591.8060188012514,68483582708.01654,11090195610.494415
2020-12-08 00:00:00 UTC,554.5619523469829,67474119685.86511,9028427783.533575
2020-12-09 00:00:00 UTC,573.651523289054,63057203946.44247,13317733541.030151
2020-12-10 00:00:00 UTC,559.4030952456889,65290677118.58714,14086285511.782148
2020-12-11 00:00:00 UTC,544.980219618045,63759073874.73225,11945150566.540243
2020-12-12 00:00:00 UTC,568.3137160082861,62015690631.11857,11438468667.384514
2020-12-13 00:00:00 UTC,590.2081266245002,64678614961.50129,9369845361.50546
2020-12-14 00:00:00 UTC,585.6196678324729,67178285051.909195,9543156450.964306
2020-12-15 00:00:00 UTC,588.9166598257418,66663992670.17779,9498933846.377472
2020-12-16 00:00:00 UTC,637.1201089015688,67047274075.936264,9411902562.988537
2020-12-17 00:00:00 UTC,643.2523156552273,72411956005.60883,14330076365.29466
2020-12-18 00:00:00 UTC,654.36833441209,73343374028.56177,22325104008.870377
2020-12-19 00:00:00 UTC,657.3427843049109,74531404014.0033,15032508882.05135
2020-12-20 00:00:00 UTC,638.3662073925346,75098174589.59908,14559324650.828682
2020-12-21 00:00:00 UTC,608.8539313931168,72720314595.14687,12832628723.167393
2020-12-22 00:00:00 UTC,636.698283975233,69545799024.42459,14345892383.13529
2020-12-23 00:00:00 UTC,586.2138116789841,72327947935.45154,13321716952.664968
2020-12-24 00:00:00 UTC,613.095801176354,66803122967.8579,16549790542.286057
2020-12-25 00:00:00 UTC,626.9656026361997,69874719975.25687,15113884902.122751
2020-12-26 00:00:00 UTC,636.8329124319508,71405907091.81451,13041489682.78056
2020-12-27 00:00:00 UTC,684.2217274099743,72586981045.98671,14496826401.052711
2020-12-28 00:00:00 UTC,731.7588711900119,78833072066.0927,25008434895.044323
2020-12-29 00:00:00 UTC,735.1158978111993,83438576612.0621,22436676709.396408
2020-12-30 00:00:00 UTC,753.386295800274,83885243123.81543,17137234903.48644
2020-12-31 00:00:00 UTC,737.822995835223,85864324616.94104,16162749726.402529
2021-01-01 00:00:00 UTC,729.6259781760878,84250301672.05846,16717373121.620956
2021-01-02 00:00:00 UTC,777.2347673791861,83294083323.20639,13488891190.81142
2021-01-03 00:00:00 UTC,970.8039884290056,88676398342.90611,20443031874.21456
2021-01-04 00:00:00 UTC,1022.8710734759112,110774272120.002,140907537415.8527
2021-01-05 00:00:00 UTC,1102.1256162735078,116693162132.74934,61948546801.487885
2021-01-06 00:00:00 UTC,1211.2156737413409,125788693832.70648,47101752386.07565
2021-01-07 00:00:00 UTC,1232.4533623528507,138255807492.02667,48036934914.74414
2021-01-08 00:00:00 UTC,1222.3368439467574,140355961062.84338,42987763023.48988
2021-01-09 00:00:00 UTC,1284.442326901929,139717201069.8862,47947576472.9258
2021-01-10 00:00:00 UTC,1257.604647354127,146499181603.81268,35050184639.25303
2021-01-11 00:00:00 UTC,1092.385850145334,144775179901.584,44173522879.69162
2021-01-12 00:00:00 UTC,1053.2763157187462,124765617798.5662,67146170383.925606
2021-01-13 00:00:00 UTC,1136.3109864218775,120313121076.83723,37631545101.12885
2021-01-14 00:00:00 UTC,1219.55131396888,129322708385.51823,32163116955.78083
2021-01-15 00:00:00 UTC,1176.8260155753635,139339071860.95032,34467272458.390205
2021-01-16 00:00:00 UTC,1225.900959989895,133906151990.50217,39563956392.07845
2021-01-17 00:00:00 UTC,1233.1892583447438,141095594560.28113,38090275700.57214
2021-01-18 00:00:00 UTC,1255.745274070939,140512086438.62527,35613076974.63842
2021-01-19 00:00:00 UTC,1375.3173548121736,143568883466.74918,30785486753.770103
2021-01-20 00:00:00 UTC,1381.4470909757877,157229338964.4215,52050399909.26429
2021-01-21 00:00:00 UTC,1123.454537075323,158452539419.74756,51943371357.02313
2021-01-22 00:00:00 UTC,1240.240932177657,128404236233.4996,49645383549.04188
2021-01-23 00:00:00 UTC,1231.2057638685517,140271927461.8329,48671764100.57663
2021-01-24 00:00:00 UTC,1390.0312547494625,140820853149.5143,30689360022.43744
2021-01-25 00:00:00 UTC,1318.782097261173,159292411350.83157,39891029335.57286
2021-01-26 00:00:00 UTC,1356.722243496792,151404737045.50262,43762942863.06788
2021-01-27 00:00:00 UTC,1255.068903258522,155232037886.14133,40402183308.55294
2021-01-28 00:00:00 UTC,1337.4446051924908,143617988462.90976,38798773982.68453
2021-01-29 00:00:00 UTC,1380.6134024209953,152069928547.67932,33102087247.480824
2021-01-30 00:00:00 UTC,1367.90495161101,157983631012.4101,49419661716.8758
2021-01-31 00:00:00 UTC,1310.2642972982846,157102597347.02603,29384112506.425423
2021-02-01 00:00:00 UTC,1366.1785741235242,150004786375.38644,24614820267.325665
2021-02-02 00:00:00 UTC,1513.0567683738873,156424396315.17978,28631056100.476067
2021-02-03 00:00:00 UTC,1669.6920090457684,173395919316.53073,42832003258.56655
2021-02-04 00:00:00 UTC,1594.459263763925,190226089303.38437,42374020582.25874
2021-02-05 00:00:00 UTC,1728.1871199441289,182627118074.7451,42735759788.73715
2021-02-06 00:00:00 UTC,1677.805714320241,196424150368.47876,39236734861.46418
2021-02-07 00:00:00 UTC,1609.1243250536063,192164042318.95844,36776377416.69427
2021-02-08 00:00:00 UTC,1755.3359764096142,184372151212.4514,38867359440.05745
2021-02-09 00:00:00 UTC,1768.5027066603404,201148612914.16916,45685298966.79758
2021-02-10 00:00:00 UTC,1740.46181446715,202744416656.5549,42023763922.02784
2021-02-11 00:00:00 UTC,1784.3355424268182,199342540864.5775,40577301461.436066
2021-02-12 00:00:00 UTC,1839.88479457314,204334846204.6292,33865189158.926937
2021-02-13 00:00:00 UTC,1812.861768400041,211087492078.6884,35984615977.39437
2021-02-14 00:00:00 UTC,1800.100219369259,207631368135.91556,33303908923.802055
2021-02-15 00:00:00 UTC,1775.5570307529272,206424220027.8427,30178534906.853832
2021-02-16 00:00:00 UTC,1782.837345629066,203633719337.8595,37657464389.04764
2021-02-17 00:00:00 UTC,1852.5607655216245,204493819037.31708,33163244310.19103
2021-02-18 00:00:00 UTC,1937.2977453786527,211713928319.03537,33709205253.671764
2021-02-19 00:00:00 UTC,1968.858479386311,222407763254.72943,34859467812.424126
2021-02-20 00:00:00 UTC,1923.1939965180252,226038410300.14252,34817517380.079346
2021-02-21 00:00:00 UTC,1936.010152456832,221404545098.43417,44762150786.870605
2021-02-22 00:00:00 UTC,1789.6709181575138,223004310602.46857,32879381191.37528
2021-02-23 00:00:00 UTC,1575.723995835309,205422164929.06137,53827696774.67638
2021-02-24 00:00:00 UTC,1632.3500330478364,179531726631.07718,63182328962.469635
2021-02-25 00:00:00 UTC,1470.7833212330086,187408649093.9008,40328970057.709335
2021-02-26 00:00:00 UTC,1451.0897866749494,168658293547.98462,31878783204.097553
2021-02-27 00:00:00 UTC,1462.3625351397234,166626122253.23615,36564858844.39364
2021-02-28 00:00:00 UTC,1414.8198563224723,169992539527.01157,27894150182.600086
2021-03-01 00:00:00 UTC,1569.9128575216018,163289758568.53607,35407342694.77194
2021-03-02 00:00:00 UTC,1496.1101281469555,179885012253.05722,31289368857.627777
2021-03-03 00:00:00 UTC,1570.0007898884194,172001071799.91965,28701736920.651936
2021-03-04 00:00:00 UTC,1544.773888655969,181481904447.18347,30172280923.888596
2021-03-05 00:00:00 UTC,1540.074976978329,177719476720.63876,29900259425.457054
2021-03-06 00:00:00 UTC,1659.5932851644286,176884200320.75146,28466223226.355785
2021-03-07 00:00:00 UTC,1728.2185921592734,191029472990.6461,31071802161.309784
2021-03-08 00:00:00 UTC,1836.2784617875268,198508623646.16968,29394557576.579414
2021-03-09 00:00:00 UTC,1874.843741510363,211132676701.59903,35390035068.37856
2021-03-10 00:00:00 UTC,1793.7244635453542,214944883900.7212,31269070711.77074
2021-03-11 00:00:00 UTC,1831.4250761380624,207018068528.0696,31559833927.54662
2021-03-12 00:00:00 UTC,1768.8863242051966,210018342198.09775,31255689217.383568
2021-03-13 00:00:00 UTC,1924.2912239089335,203655010726.6903,28444663662.377483
2021-03-14 00:00:00 UTC,1856.7073914468244,221282190258.7867,32844039866.81227
2021-03-15 00:00:00 UTC,1788.7213366320414,215367930757.887,26285557489.632847
2021-03-16 00:00:00 UTC,1815.10319558741,206088965662.1036,32847586778.95632
2021-03-17 00:00:00 UTC,1838.7425778996549,208325310550.94415,30540598126.61892
2021-03-18 00:00:00 UTC,1784.427019016904,210477170448.7284,30916714812.810284
2021-03-19 00:00:00 UTC,1815.1985004619305,205022936620.98633,29731385926.66223
2021-03-20 00:00:00 UTC,1812.4399635166983,209188785173.5874,27264376757.04431
2021-03-21 00:00:00 UTC,1785.2027497596066,208871165774.75745,29432503887.41221
2021-03-22 00:00:00 UTC,1680.3067759738428,206157154623.4518,28755062853.2376
2021-03-23 00:00:00 UTC,1674.878914986122,194278525336.64453,31290120460.516087
2021-03-24 00:00:00 UTC,1581.631055931366,192785630170.44424,28680775962.400875
2021-03-25 00:00:00 UTC,1585.9402460547426,183005042939.6772,38413713634.36278
2021-03-26 00:00:00 UTC,1707.1682875115207,182810172113.9428,26282501202.610123
2021-03-27 00:00:00 UTC,1711.8640287897726,195976199435.42465,24862349644.558224
2021-03-28 00:00:00 UTC,1686.633750461649,197496023917.27393,20981730016.55131
2021-03-29 00:00:00 UTC,1817.2626203854063,194647792269.71985,19648245422.273052
2021-03-30 00:00:00 UTC,1842.8625312548277,209088522651.80023,32601759777.01758
2021-03-31 00:00:00 UTC,1915.3546130247032,212252949853.01,28642538166.5031
2021-04-01 00:00:00 UTC,1969.7338345359735,221210690537.73203,29179942812.765034
2021-04-02 00:00:00 UTC,2134.0895836913405,227187483748.8278,32163833313.419144
2021-04-03 00:00:00 UTC,2011.471496710593,246446284273.69153,35916016298.658554
2021-04-04 00:00:00 UTC,2078.744252422659,233519912234.63,34841778093.19304
2021-04-05 00:00:00 UTC,2102.593058773681,239623850526.02032,26787288742.78763
2021-04-06 00:00:00 UTC,2113.235054197165,242118495324.83636,30962267225.076546
2021-04-07 00:00:00 UTC,1979.4607928296552,244000568286.00052,33294968687.81997
2021-04-08 00:00:00 UTC,2081.574469774459,229324263726.26553,39496478707.532936
2021-04-09 00:00:00 UTC,2068.705369849646,240186374759.72684,27153044650.777443
2021-04-10 00:00:00 UTC,2140.759458711276,238792526738.17773,25051692283.95315
2021-04-11 00:00:00 UTC,2157.009825412921,247248413642.8763,32214274453.85623
2021-04-12 00:00:00 UTC,2141.3725537192845,248234504217.0536,25412208483.40799
2021-04-13 00:00:00 UTC,2309.20653984663,247289165411.2008,29074387166.197407
2021-04-14 00:00:00 UTC,2443.020292616818,266055934979.15903,36133645897.085236
2021-04-15 00:00:00 UTC,2516.2919310321254,280557597733.85504,43566666826.39234
2021-04-16 00:00:00 UTC,2432.669084310138,290594884707.67596,37128655749.9846
2021-04-17 00:00:00 UTC,2333.283667644858,280001387823.9684,44689137347.030136
2021-04-18 00:00:00 UTC,2244.150963285779,271060261616.9552,35566982313.774506
2021-04-19 00:00:00 UTC,2161.1989015711506,259329079995.44217,61868486961.957726
2021-04-20 00:00:00 UTC,2337.549292396464,251090482814.8267,40072909720.897835
2021-04-21 00:00:00 UTC,2366.1855313759384,268577322075.03503,45407273347.63429
2021-04-22 00:00:00 UTC,2416.713234165697,274296843910.2083,43558401588.52311
2021-04-23 00:00:00 UTC,2371.3314746403044,280712855517.3182,63214220752.29202
2021-04-24 00:00:00 UTC,2216.9055428269085,273323480799.64493,69293211532.58769
2021-04-25 00:00:00 UTC,2317.487038728825,256078614339.22073,35661951261.097275
2021-04-26 00:00:00 UTC,2540.685623927249,266776799157.93356,36797042351.79624
2021-04-27 00:00:00 UTC,2662.1899759705298,292829223558.3116,42550132697.556175
2021-04-28 00:00:00 UTC,2749.927940294386,306136280873.3804,37792633594.63468
2021-04-29 00:00:00 UTC,2763.9815251750492,317926569851.6182,42803818474.18064
2021-04-30 00:00:00 UTC,2774.3429805196265,318971242360.58826,39112722853.610954
2021-05-01 00:00:00 UTC,2946.0910412729286,321043845203.78876,35398296832.603325
2021-05-02 00:00:00 UTC,2953.777448939646,340730211563.77893,36719675811.79499
2021-05-03 00:00:00 UTC,3438.1430926954904,341739480845.0344,35621008482.30482
2021-05-04 00:00:00 UTC,3242.216961994084,398088186434.96423,64342043461.50028
2021-05-05 00:00:00 UTC,3527.87795953073,375820123327.01514,77943477172.63835
2021-05-06 00:00:00 UTC,3492.65104095909,409191426695.66266,63150697694.19698
2021-05-07 00:00:00 UTC,3488.7276973517355,404620195779.4689,50293702272.24581
2021-05-08 00:00:00 UTC,3914.094455827104,404488296160.9508,44819925346.701256
2021-05-09 00:00:00 UTC,3933.5927427954257,453078144423.5431,60095667284.17264
2021-05-10 00:00:00 UTC,3977.4391532942263,455448294000.9345,61435487579.06546
2021-05-11 00:00:00 UTC,4169.511209937515,460928533243.9225,80776451665.38055
2021-05-12 00:00:00 UTC,3727.293005978938,484518287401.0444,65339505560.00477
2021-05-13 00:00:00 UTC,3745.4469582520087,440532495673.7033,76338619697.72096
2021-05-14 00:00:00 UTC,4087.535212171708,434526307330.7412,96523914293.01208
2021-05-15 00:00:00 UTC,3637.933409709845,473788457974.4147,63434017317.8812
2021-05-16 00:00:00 UTC,3604.748435061697,424148966538.9307,57989880914.962105
2021-05-17 00:00:00 UTC,3295.655201072164,417485791322.3232,67538129072.79297
2021-05-18 00:00:00 UTC,3381.8106512854406,381161976477.9278,75252582716.694
2021-05-19 00:00:00 UTC,2490.7459140160777,393835579419.3923,58615335017.64336
2021-05-20 00:00:00 UTC,2782.8155378995534,290202608628.9162,117821385800.19669
2021-05-21 00:00:00 UTC,2437.2245603319548,322162621074.79614,92452304492.65572
2021-05-22 00:00:00 UTC,2289.5876800586902,280545663459.8573,100507092713.35838
2021-05-23 00:00:00 UTC,2120.157433776722,267503324830.46017,109559688366.18794
2021-05-24 00:00:00 UTC,2649.5913413981393,244070264760.9287,77635537530.7466
2021-05-25 00:00:00 UTC,2712.4935334965144,306288899646.83246,73769269046.07333
2021-05-26 00:00:00 UTC,2895.226636000092,312742325364.22705,83723084379.30118
2021-05-27 00:00:00 UTC,2742.924179286172,334478228123.8386,53193646586.45204
2021-05-28 00:00:00 UTC,2429.2439272772444,318328210614.2126,44065401861.41026
2021-05-29 00:00:00 UTC,2290.214222206947,282078304140.1593,49452838552.09055
2021-05-30 00:00:00 UTC,2395.192867491068,266356856158.3808,47027003144.1988
2021-05-31 00:00:00 UTC,2705.7963954769325,278139497461.99506,37254504753.16329
2021-06-01 00:00:00 UTC,2641.1321701578113,314463232386.7883,44448131858.78035
2021-06-02 00:00:00 UTC,2712.93915687273,305700974548.6226,39792223297.74677
2021-06-03 00:00:00 UTC,2868.759489064604,315070326439.2262,39105296077.685905
2021-06-04 00:00:00 UTC,2691.563827230212,331976737716.8265,38190893838.56686
2021-06-05 00:00:00 UTC,2633.238591921534,312991097366.8545,39895306472.68212
2021-06-06 00:00:00 UTC,2718.757880672298,306004988557.99054,34722090406.306206
2021-06-07 00:00:00 UTC,2597.857454497396,315044778229.29706,29018416160.90782
2021-06-08 00:00:00 UTC,2517.967816844397,299857516850.1987,37788069954.723145
2021-06-09 00:00:00 UTC,2616.2039153929486,292688634086.1253,47978339386.44575
2021-06-10 00:00:00 UTC,2472.0289577585017,304019289691.66003,43921441837.260445
2021-06-11 00:00:00 UTC,2357.605016926272,289444120869.42664,32831697271.10658
2021-06-12 00:00:00 UTC,2380.856473325255,272748408238.43475,26795862413.671135
2021-06-13 00:00:00 UTC,2518.6670609333064,276714108452.90765,28215612653.7366
2021-06-14 00:00:00 UTC,2588.462843234097,292767118262.08405,29387491085.932655
2021-06-15 00:00:00 UTC,2559.7299169959797,301022109983.8544,28147387986.577023
2021-06-16 00:00:00 UTC,2367.4969516694414,297812620040.08203,26779027069.49453
2021-06-17 00:00:00 UTC,2379.140824594758,275199873021.20764,26118003832.642105
2021-06-18 00:00:00 UTC,2229.0103947746957,275415199641.5411,25665405511.118332
2021-06-19 00:00:00 UTC,2177.7074859672994,259339805432.46884,26185948786.793488
2021-06-20 00:00:00 UTC,2250.9950135262525,253229663249.6948,20454556914.744488
2021-06-21 00:00:00 UTC,1894.441397487666,261478202409.18997,26211216438.44055
2021-06-22 00:00:00 UTC,1879.741980759717,223202708788.7209,39413960002.25274
2021-06-23 00:00:00 UTC,1971.9031336974265,216876757208.59253,38718427255.77603
2021-06-24 00:00:00 UTC,1991.236577791688,229474765386.78687,27998824687.84185
2021-06-25 00:00:00 UTC,1829.1904729505,231644258719.40115,22410431213.205463
2021-06-26 00:00:00 UTC,1834.4423006438435,213166032774.77737,25946166018.87392
2021-06-27 00:00:00 UTC,1978.138628248318,211603249376.59457,24450284116.016396
2021-06-28 00:00:00 UTC,2087.787277008094,229903405605.12296,24345822570.268505
2021-06-29 00:00:00 UTC,2162.026264263336,243227105090.6352,30509209222.5004
2021-06-30 00:00:00 UTC,2273.4077484119107,251910745812.78085,27054761765.885
2021-07-01 00:00:00 UTC,2113.6208032703616,265562929797.4156,28964522370.610687
2021-07-02 00:00:00 UTC,2161.269268834997,247210647940.18707,25684151128.000824
2021-07-03 00:00:00 UTC,2233.1954857101227,251721312401.97223,22885114954.76775
2021-07-04 00:00:00 UTC,2322.665649779515,259079167729.78625,20014294182.718346
2021-07-05 00:00:00 UTC,2211.3380564579234,271472550895.4458,21044740151.63997
2021-07-06 00:00:00 UTC,2323.515733664193,258719784082.81683,22569822650.323963
2021-07-07 00:00:00 UTC,2317.89403242497,270697947572.19247,24785413932.63888
2021-07-08 00:00:00 UTC,2108.9079787268292,270116728160.1227,23395734814.190605
2021-07-09 00:00:00 UTC,2152.934874923378,247976329643.3752,23914236657.98062
2021-07-10 00:00:00 UTC,2120.955771623506,251611015863.3228,22184300419.36071
2021-07-11 00:00:00 UTC,2143.8399407652037,247860822594.06396,18077748764.947952
2021-07-12 00:00:00 UTC,2042.422604542212,250027222000.60455,14238588684.694763
2021-07-13 00:00:00 UTC,1944.2964780291356,238086643137.17004,16448472497.968178
2021-07-14 00:00:00 UTC,1999.4165046395815,227135827760.92883,18208330550.821144
2021-07-15 00:00:00 UTC,1922.3922093283873,233142802434.82367,20015415459.666046
2021-07-16 00:00:00 UTC,1876.7574282501453,223534356736.75903,18051655820.30463
2021-07-17 00:00:00 UTC,1903.4010648627627,218477848474.5608,17447327984.947002
2021-07-18 00:00:00 UTC,1902.0566310854488,221838551362.95905,14941879800.277103
2021-07-19 00:00:00 UTC,1821.9589540004572,222305469349.286,15299089396.719011
2021-07-20 00:00:00 UTC,1792.89830303411,213084639122.2984,15773841527.165112
2021-07-21 00:00:00 UTC,2003.19062397709,209392844466.0158,20635529088.392883
2021-07-22 00:00:00 UTC,2026.2094103551476,233005814487.5354,25900614314.27388
2021-07-23 00:00:00 UTC,2119.9147285827603,236554595198.76672,21590248261.898743
2021-07-24 00:00:00 UTC,2192.940117981909,247523022945.6579,20831647016.267593
2021-07-25 00:00:00 UTC,2208.7087693016374,255023351844.8617,19356936365.444855
2021-07-26 00:00:00 UTC,2228.868779908415,258067996305.1722,16550081514.602455
2021-07-27 00:00:00 UTC,2298.398736652145,260638722369.93997,35076562601.35512
2021-07-28 00:00:00 UTC,2299.778382718453,268609716193.66568,28923369123.96499
2021-07-29 00:00:00 UTC,2376.815485683859,268782777615.8554,23148779049.393433
2021-07-30 00:00:00 UTC,2463.276633309471,277836496462.54395,18299852714.716892
2021-07-31 00:00:00 UTC,2539.565629807674,287344044145.01373,24112835068.94001
2021-08-01 00:00:00 UTC,2560.1148671387946,297505707149.10004,21517946489.588844
2021-08-02 00:00:00 UTC,2600.631097017375,297290528238.90314,25761767867.893032
2021-08-03 00:00:00 UTC,2506.4106628106674,305427517080.0137,26491778806.97737
2021-08-04 00:00:00 UTC,2723.591253476128,294760000421.45154,26165910090.487473
2021-08-05 00:00:00 UTC,2820.4012675476206,319613239659.44226,29336468787.13762
2021-08-06 00:00:00 UTC,2889.939899323439,329920901101.05475,37947112975.97178
2021-08-07 00:00:00 UTC,3163.084167026915,337961452767.8669,30870770573.00956
2021-08-08 00:00:00 UTC,3002.8441554025994,370124323933.169,39180294381.014984
2021-08-09 00:00:00 UTC,3162.0144215394344,352872000029.7298,34115377059.499924
2021-08-10 00:00:00 UTC,3147.8579763023176,363242219000.1384,38410254436.113106
2021-08-11 00:00:00 UTC,3161.312203483311,368537899016.5318,30448276083.639915
2021-08-12 00:00:00 UTC,3052.9769255127694,370564439134.3077,28517993271.939342
2021-08-13 00:00:00 UTC,3312.760014719276,356928904409.53186,28118047714.808502
2021-08-14 00:00:00 UTC,3267.207601384054,388108279471.60815,25829525418.47828
2021-08-15 00:00:00 UTC,3313.9119785619982,383333523376.4307,21714405457.06485
2021-08-16 00:00:00 UTC,3152.073745949532,388130857314.2673,24448160463.080032
2021-08-17 00:00:00 UTC,3015.8722960607492,369733082268.3038,25864964204.493465
2021-08-18 00:00:00 UTC,3027.1710504976054,352283235833.58344,28340544885.40929
2021-08-19 00:00:00 UTC,3152.1020227444815,354925888814.8816,23049943164.083447
2021-08-20 00:00:00 UTC,3280.7919072356885,360685430760.7975,20610609360.846043
2021-08-21 00:00:00 UTC,3221.3736355574706,384437746572.575,22000137575.73262
2021-08-22 00:00:00 UTC,3240.7474584781608,377531335610.9754,19240115781.123215
2021-08-23 00:00:00 UTC,3312.303289886624,379897523333.8118,17030926805.631536
2021-08-24 00:00:00 UTC,3170.6963793796913,388844722258.5748,22071743702.293747
2021-08-25 00:00:00 UTC,3230.5136584426946,372559701188.73376,23476446273.6637
2021-08-26 00:00:00 UTC,3112.7000359133312,378799279426.7691,20417049657.98944
2021-08-27 00:00:00 UTC,3269.24506459727,366231465415.8227,18661170119.255775
2021-08-28 00:00:00 UTC,3247.667909527092,383329965970.6044,18450845926.930634
2021-08-29 00:00:00 UTC,3232.1906509771775,380726861111.2882,13900880348.074594
2021-08-30 00:00:00 UTC,3229.21070662941,378786220548.7995,14137104716.223627
2021-08-31 00:00:00 UTC,3439.008621618337,378977088509.6317,21731439127.877705
2021-09-01 00:00:00 UTC,3815.122636933692,403657783560.1046,32077682992.303
2021-09-02 00:00:00 UTC,3792.4775262056814,447472164067.19855,34745547392.63379
2021-09-03 00:00:00 UTC,3935.3181510138975,445289408894.20154,28023430850.449516
2021-09-04 00:00:00 UTC,3890.158467365413,462019852288.094,30365294034.709393
2021-09-05 00:00:00 UTC,3947.3751264869743,456672022771.97064,23947705335.384342
2021-09-06 00:00:00 UTC,3941.28899905221,463442599338.12463,19716323148.985325
2021-09-07 00:00:00 UTC,3445.1086686229064,463012228435.44434,20157071393.694675
2021-09-08 00:00:00 UTC,3507.432211767328,404361174415.68866,42604490286.530334
2021-09-09 00:00:00 UTC,3441.715717711457,410845449022.63873,34253761702.24185
2021-09-10 00:00:00 UTC,3218.0953206826357,403566671661.9752,25684676012.06065
2021-09-11 00:00:00 UTC,3274.42545839787,377600410212.12585,24196742618.925964
2021-09-12 00:00:00 UTC,3412.1630482923206,384660276569.7952,19764268522.076782
2021-09-13 00:00:00 UTC,3291.2158814372824,401595147448.7936,18063341676.158108
2021-09-14 00:00:00 UTC,3437.120654397854,387934440817.1596,25834728969.01264
2021-09-15 00:00:00 UTC,3605.5517826662294,402557959131.8219,21123132799.21357
2021-09-16 00:00:00 UTC,3573.246696559556,422669599763.53973,19055239197.775265
2021-09-17 00:00:00 UTC,3413.426501613183,420055228071.7475,22246475964.188736
2021-09-18 00:00:00 UTC,3436.983264291013,399832418006.5344,18995654416.967106
2021-09-19 00:00:00 UTC,3336.955610275159,404028268728.5157,16337605385.81386
2021-09-20 00:00:00 UTC,2979.8265772969357,392327758997.0839,14501797291.731472
2021-09-21 00:00:00 UTC,2756.2563199483134,348966852277.93604,28549101143.946823
2021-09-22 00:00:00 UTC,3080.770613431408,322261202754.7664,32250601831.100048
2021-09-23 00:00:00 UTC,3159.480366189226,361622819835.4336,26884725413.373833
2021-09-24 00:00:00 UTC,2936.4213376026546,371681653192.37537,19449192006.7938
2021-09-25 00:00:00 UTC,2942.199299667037,349627373001.0197,28568654605.138573
2021-09-26 00:00:00 UTC,3064.894167360947,347010586155.9232,22508360500.06586
2021-09-27 00:00:00 UTC,2918.8875824364586,359680654321.7558,24904935790.506435
2021-09-28 00:00:00 UTC,2801.06146263523,346015184170.8788,20750159934.19787
2021-09-29 00:00:00 UTC,2859.1098735276073,330646942649.06793,19023656547.148716
2021-09-30 00:00:00 UTC,3009.706123751746,335476370747.3378,17480784737.98817
2021-10-01 00:00:00 UTC,3310.248162609438,354368955549.50366,19370334851.37872
2021-10-02 00:00:00 UTC,3401.112645713349,388950236002.1381,24407869491.98326
2021-10-03 00:00:00 UTC,3424.5151222776226,399455864987.66345,21404315212.345154
2021-10-04 00:00:00 UTC,3389.5457557822033,403408107611.1482,17979363580.999
2021-10-05 00:00:00 UTC,3523.5936474239847,399321398398.68585,19882957351.004566
2021-10-06 00:00:00 UTC,3589.3779961957925,415494260964.53455,18348413310.843605
2021-10-07 00:00:00 UTC,3588.4491641954014,423091629263.878,24637574173.984272
2021-10-08 00:00:00 UTC,3570.187063019674,423610266229.8694,21110705650.14889
2021-10-09 00:00:00 UTC,3577.479088814853,419918377734.5956,18213041287.581516
2021-10-10 00:00:00 UTC,3422.997443075181,422496720515.2677,13762816072.443226
2021-10-11 00:00:00 UTC,3537.879613376956,404435244184.11566,18124277712.100296
2021-10-12 00:00:00 UTC,3496.9393789692463,417255913855.49115,20404454217.501263
2021-10-13 00:00:00 UTC,3612.3189334776766,412301359900.15814,20167425645.35449
2021-10-14 00:00:00 UTC,3795.406415230408,425513684524.375,18335624254.585724
2021-10-15 00:00:00 UTC,3878.300221086703,447511744791.2057,21634630865.815784
2021-10-16 00:00:00 UTC,3850.2613955310426,457333680312.3408,23059329634.35926
2021-10-17 00:00:00 UTC,3852.461174731202,453064999520.12646,18136310218.617634
2021-10-18 00:00:00 UTC,3752.0968780075814,453191180361.09015,17317887884.51692
2021-10-19 00:00:00 UTC,3884.373641080081,443346920004.58325,18853607266.868797
2021-10-20 00:00:00 UTC,4168.855505034353,457653555321.406,17470531435.50013
2021-10-21 00:00:00 UTC,4068.556614709531,491589810670.4509,21887556995.29903
2021-10-22 00:00:00 UTC,3972.433904519876,481528471021.3797,49999904856.57113
2021-10-23 00:00:00 UTC,4163.151439023302,470990300675.9986,21530176882.796658
2021-10-24 00:00:00 UTC,4097.994135659799,493125402509.4343,16445029286.996052
2021-10-25 00:00:00 UTC,4234.898063452048,482164548780.28937,16536578578.248146
2021-10-26 00:00:00 UTC,4152.533078235652,499491060520.2567,17049054936.498674
2021-10-27 00:00:00 UTC,3941.140910997088,490437372225.6604,18835622087.192944
2021-10-28 00:00:00 UTC,4294.488023281883,465812712642.89655,28758463647.183033
2021-10-29 00:00:00 UTC,4426.889191311562,506718734576.62,29965880253.98616
2021-10-30 00:00:00 UTC,4325.934277110855,521746545883.6817,25411276688.321404
2021-10-31 00:00:00 UTC,4292.733866622354,511066583044.32874,15958370605.22918
2021-11-01 00:00:00 UTC,4327.608587198244,507136552409.99695,18457869446.313408
2021-11-02 00:00:00 UTC,4596.515024087698,511441678721.3504,19140956742.701736
2021-11-03 00:00:00 UTC,4604.559025470852,543030705284.6162,22166906739.941498
2021-11-04 00:00:00 UTC,4549.325863768297,543311992233.9774,22630255529.930767
2021-11-05 00:00:00 UTC,4495.668186253852,534623910067.6353,19521162163.293716
2021-11-06 00:00:00 UTC,4529.850004368157,531116824617.7209,16175654833.51206
2021-11-07 00:00:00 UTC,4642.907143240885,534139628777.6332,17685150893.099983
2021-11-08 00:00:00 UTC,4815.482940074267,546469946549.37506,14726607054.15104
2021-11-09 00:00:00 UTC,4742.48698798186,571665766496.0859,21251164489.980972
2021-11-10 00:00:00 UTC,4642.412708110307,560988938570.5936,20646742012.34149
2021-11-11 00:00:00 UTC,4730.765406406425,548699344220.5352,25116246244.731316
2021-11-12 00:00:00 UTC,4687.572195076523,559671532918.357,19024098856.272858
2021-11-13 00:00:00 UTC,4663.507518264516,554332616105.4451,20876512109.834396
2021-11-14 00:00:00 UTC,4662.040365547238,552060219928.3728,13966405915.10861
2021-11-15 00:00:00 UTC,4581.331972478538,550650572656.9733,13949987633.979156
2021-11-16 00:00:00 UTC,4236.551331639252,542235893146.7816,17970740920.698334
2021-11-17 00:00:00 UTC,4306.628739797,501391963927.7868,30125237910.203373
2021-11-18 00:00:00 UTC,3998.838748396413,507387229348.5558,23587163846.121593
2021-11-19 00:00:00 UTC,4321.857023153695,472841288942.8118,23863240264.531902
2021-11-20 00:00:00 UTC,4431.4867979325145,511250113672.60754,21275286659.73971
2021-11-21 00:00:00 UTC,4314.425761308069,524943564446.0713,16287344180.37997
2021-11-22 00:00:00 UTC,4098.479915288199,514388218179.7373,15110548917.269136
2021-11-23 00:00:00 UTC,4350.158829266359,485772508408.6014,21512813495.06307
2021-11-24 00:00:00 UTC,4270.5056202308115,515841212779.6731,23328186852.940987
2021-11-25 00:00:00 UTC,4521.469773527718,505829458118.8367,19887248714.95643
2021-11-26 00:00:00 UTC,4046.046314578128,535082405000.054,20246298129.919594
2021-11-27 00:00:00 UTC,4090.1192399624183,479738067609.24664,29224072765.698944
2021-11-28 00:00:00 UTC,4293.2029484482,484441006469.7584,16495632432.991888
2021-11-29 00:00:00 UTC,4443.303530196077,508503828579.6283,17414869018.24315
2021-11-30 00:00:00 UTC,4629.564212342841,526867536700.3965,20075779348.868805
2021-12-01 00:00:00 UTC,4586.378808694757,549758919636.0618,31411949897.40595
2021-12-02 00:00:00 UTC,4517.3005026872925,543803102849.55896,27969958360.15723
2021-12-03 00:00:00 UTC,4235.018602056547,535925825364.4541,22524931091.05691
2021-12-04 00:00:00 UTC,4124.4671757437645,502863051143.0169,27471497840.907047
2021-12-05 00:00:00 UTC,4200.2433288633165,487646972062.50287,40646991206.44394
2021-12-06 00:00:00 UTC,4357.616826360551,498041579043.0506,25838819310.498917
2021-12-07 00:00:00 UTC,4313.713519851889,515778007028.56696,30749101905.00604
2021-12-08 00:00:00 UTC,4432.4077755524595,511609809771.4789,21840331155.871105
2021-12-09 00:00:00 UTC,4135.853806814018,525850414062.19104,19633116306.041992
2021-12-10 00:00:00 UTC,3911.793220344487,492892820083.5613,22639653391.1979
2021-12-11 00:00:00 UTC,4080.140020178238,465041898383.1547,26781664657.38351
2021-12-12 00:00:00 UTC,4136.583476566884,484278596802.5053,19775794742.59558
2021-12-13 00:00:00 UTC,3782.3789135978873,490985504905.5811,14029883843.622375
2021-12-14 00:00:00 UTC,3865.266608710526,449137302105.9432,24084065059.614323
2021-12-15 00:00:00 UTC,4024.762924910091,457658155854.8058,20824627709.03557
2021-12-16 00:00:00 UTC,3969.368750356913,476630620294.2814,26941548320.77788
2021-12-17 00:00:00 UTC,3883.7001576278863,471697683702.1868,19171979075.80893
2021-12-18 00:00:00 UTC,3962.862064615664,461677042806.83527,23193164463.158684
2021-12-19 00:00:00 UTC,3923.637142545932,471195598700.436,18638898467.46034
2021-12-20 00:00:00 UTC,3953.1903956774313,466165572829.1099,15973766163.901108
2021-12-21 00:00:00 UTC,4030.7001775172857,469409867225.7265,21426246791.358765
2021-12-22 00:00:00 UTC,3993.498412740149,478793704968.3601,16604270714.251972
2021-12-23 00:00:00 UTC,4120.667095283451,474629135090.34467,14022163912.064194
2021-12-24 00:00:00 UTC,4055.767380994181,488950581711.3128,18557911886.32594
2021-12-25 00:00:00 UTC,4096.4519012536575,482062324271.49225,13299195962.263092
2021-12-26 00:00:00 UTC,4074.4045254695143,487031368983.5452,11826014850.82277
2021-12-27 00:00:00 UTC,4042.522279118258,484756229530.33344,11802278859.216137
2021-12-28 00:00:00 UTC,3806.0939075406504,481030381194.1921,11701262293.53946
2021-12-29 00:00:00 UTC,3650.099611346024,452816380946.78937,17947425480.738754
2021-12-30 00:00:00 UTC,3715.9462591057622,433485527983.1306,15557619054.133074
2021-12-31 00:00:00 UTC,3680.898858376224,441926207887.33014,13305271404.211424
2022-01-01 00:00:00 UTC,3781.807328633556,438579885026.2882,14271602330.54644
2022-01-02 00:00:00 UTC,3833.86396425079,449804685410.7303,9941960555.263483
2022-01-03 00:00:00 UTC,3774.112103788596,456852400304.9327,10060858478.227724
2022-01-04 00:00:00 UTC,3794.843682230232,448609586227.4765,12467376280.909595
2022-01-05 00:00:00 UTC,3553.1384120179864,454574318762.6068,13855901833.066011
2022-01-06 00:00:00 UTC,3416.4797045111472,422967845477.6116,18614473825.340107
2022-01-07 00:00:00 UTC,3204.6141506588574,406786635988.316,24462444249.464756
2022-01-08 00:00:00 UTC,3091.7850367897754,381283293110.7904,24386387544.624393
2022-01-09 00:00:00 UTC,3156.3565217073856,369734313550.987,15936415710.653656
2022-01-10 00:00:00 UTC,3088.3524515450154,375905674915.494,11919197016.809362
2022-01-11 00:00:00 UTC,3248.9563873062275,367654760059.0176,19641697219.45369
2022-01-12 00:00:00 UTC,3376.07884656032,386719202379.8672,14941024731.332315
2022-01-13 00:00:00 UTC,3252.318972640345,402444182233.4479,15281142841.47936
2022-01-14 00:00:00 UTC,3319.8328203396622,388039946028.0792,14003928530.177336
2022-01-15 00:00:00 UTC,3331.2484563701323,394664610644.9952,12313230301.22328
2022-01-16 00:00:00 UTC,3353.5785333411886,397005371337.6985,8549420816.001083
2022-01-17 00:00:00 UTC,3220.682941244197,399794655321.339,8999259565.30703
2022-01-18 00:00:00 UTC,3165.4500380633476,383428420242.12994,11954103322.234324
2022-01-19 00:00:00 UTC,3096.4854684021943,377918294939.4783,12681874475.22564
2022-01-20 00:00:00 UTC,3006.5784160548824,369287453529.68134,12802133806.972685
2022-01-21 00:00:00 UTC,2559.1210294471675,360580494818.73,13475098093.15478
2022-01-22 00:00:00 UTC,2416.0889637078503,306644499897.7337,29294722628.26797
2022-01-23 00:00:00 UTC,2539.681907669826,288170064668.41626,28160346431.975803
2022-01-24 00:00:00 UTC,2441.1141647877635,302814155513.51886,17191322135.359104
2022-01-25 00:00:00 UTC,2462.467375006779,292022326101.0083,28654926261.74976
2022-01-26 00:00:00 UTC,2468.6660680572268,293810290004.7959,16055229559.496704
2022-01-27 00:00:00 UTC,2436.453756562813,294619544228.9451,21285352816.862877
2022-01-28 00:00:00 UTC,2546.939896603366,287829476402.6202,16480992270.793018
2022-01-29 00:00:00 UTC,2606.5524386211637,304481898476.89777,14252474225.723707
2022-01-30 00:00:00 UTC,2609.6729106561647,310943966880.27637,10729797676.389511
2022-01-31 00:00:00 UTC,2692.308730609282,311602914058.75037,8903980174.562283
2022-02-01 00:00:00 UTC,2796.6260321081886,320354563857.1168,13837664286.045446
2022-02-02 00:00:00 UTC,2692.852060137925,334032944115.64844,13122163664.119774
2022-02-03 00:00:00 UTC,2678.6702619244247,321238141600.7221,13735365834.963104
2022-02-04 00:00:00 UTC,2993.3536322444415,318561062057.7857,21980799724.72694
2022-02-05 00:00:00 UTC,3022.5473218587263,357518956159.42426,18737047767.853127
2022-02-06 00:00:00 UTC,3057.856768451847,360812477247.61536,12892423094.008673
2022-02-07 00:00:00 UTC,3145.1578930319747,365928286554.6403,9070480123.22926
2022-02-08 00:00:00 UTC,3125.8363000883464,376351043607.997,14362409900.800652
2022-02-09 00:00:00 UTC,3247.166284170496,373614109442.4648,16806791446.91897
2022-02-10 00:00:00 UTC,3070.2978252760136,387683414211.99634,14023922387.605713
2022-02-11 00:00:00 UTC,2930.4359766048115,368377710139.77985,18906235549.732872
2022-02-12 00:00:00 UTC,2919.188575726283,350290542001.35767,16439108463.802591
2022-02-13 00:00:00 UTC,2882.1131385409208,348875351001.9928,11348267219.577469
2022-02-14 00:00:00 UTC,2936.0839347912633,345014743991.3168,9008645583.068075
2022-02-15 00:00:00 UTC,3181.3919006877163,351054184023.1462,12116085774.958632
2022-02-16 00:00:00 UTC,3126.250731514027,380484893738.7525,14175075816.02604
2022-02-17 00:00:00 UTC,2889.1484492696727,374217568099.4859,13094556310.834131
2022-02-18 00:00:00 UTC,2788.026121706113,344709989067.27716,16126763978.237465
2022-02-19 00:00:00 UTC,2769.6588580970283,333561446190.5293,16023222737.72113
2022-02-20 00:00:00 UTC,2626.784726582287,331310090936.0609,9854528422.743494
2022-02-21 00:00:00 UTC,2579.7680390709284,315015971538.73315,12199251197.279997
2022-02-22 00:00:00 UTC,2642.843082139066,308357369012.2508,19310331983.42716
2022-02-23 00:00:00 UTC,2585.3994135161856,316287167178.2103,16810470145.00874
2022-02-24 00:00:00 UTC,2598.9626877837563,310599150867.5986,13667148168.041298
2022-02-25 00:00:00 UTC,2772.5810313033057,311423426765.3547,30576656519.584248
2022-02-26 00:00:00 UTC,2783.0621612579066,331886881217.33966,17809742566.17069
2022-02-27 00:00:00 UTC,2623.516895187682,333260542251.7125,11808265096.145191
2022-02-28 00:00:00 UTC,2929.5265873782064,314782209561.05963,17242382622.010483
2022-03-01 00:00:00 UTC,2974.4866401046997,349824482336.7929,20053994379.263344
2022-03-02 00:00:00 UTC,2953.9766348183375,356479454207.7222,18997038901.539936
2022-03-03 00:00:00 UTC,2836.690603132958,353807222059.12616,16862384383.465631
2022-03-04 00:00:00 UTC,2621.2175232634204,339977654298.09143,13662195156.22526
2022-03-05 00:00:00 UTC,2669.2030840014604,313870474226.3416,15443566581.30321
2022-03-06 00:00:00 UTC,2559.0415535607067,319334318240.9434,8629240547.137897
2022-03-07 00:00:00 UTC,2495.205557895695,306630369649.6498,9432332623.995855
2022-03-08 00:00:00 UTC,2576.721440890035,299446374144.16785,15124141992.051842
2022-03-09 00:00:00 UTC,2725.550042610686,308901071495.7076,14528416534.22086
2022-03-10 00:00:00 UTC,2609.543176119743,327437894365.4015,15099290804.853563
2022-03-11 00:00:00 UTC,2559.9198819592025,313054369877.37134,13898041090.81931
2022-03-12 00:00:00 UTC,2573.5677775009563,307992205234.7309,12316550852.444164
2022-03-13 00:00:00 UTC,2521.6753142741604,308662856522.9982,6290798344.076844
2022-03-14 00:00:00 UTC,2592.518299208723,302404662325.02966,8625841807.659468
2022-03-15 00:00:00 UTC,2620.4461564142175,310803156394.6355,10926501090.926432
2022-03-16 00:00:00 UTC,2771.3117342384717,314333395708.90894,12392275467.208546
2022-03-17 00:00:00 UTC,2814.059257039714,333204590005.1927,19764913001.91884
2022-03-18 00:00:00 UTC,2943.256136283877,338097336083.8262,12537224452.126596
2022-03-19 00:00:00 UTC,2949.7734084981817,353539105454.5327,14495577866.027117
2022-03-20 00:00:00 UTC,2862.509530559904,353744707001.54785,10339987705.9758
2022-03-21 00:00:00 UTC,2891.4635494438608,343612928301.6978,11218696983.055862
2022-03-22 00:00:00 UTC,2969.6991727371046,347252298946.1556,13796304186.908243
2022-03-23 00:00:00 UTC,3037.80762538069,356712671385.7293,15687847311.264908
2022-03-24 00:00:00 UTC,3106.747615076098,363715804798.513,14288540445.24918
2022-03-25 00:00:00 UTC,3103.3325216078465,373103256964.68274,16159476793.270107
2022-03-26 00:00:00 UTC,3143.8795151090644,373074920726.7511,15416227755.725994
2022-03-27 00:00:00 UTC,3284.6497904185653,377297820749.08325,7533569805.599723
2022-03-28 00:00:00 UTC,3329.0538079583876,394679024908.3233,11932754385.14983
2022-03-29 00:00:00 UTC,3397.722554130624,399977979554.21063,18546582340.630203
2022-03-30 00:00:00 UTC,3380.203641279472,408670917508.719,17681225347.024853
2022-03-31 00:00:00 UTC,3281.6854069420947,406523535844.8944,14053949308.22971
2022-04-01 00:00:00 UTC,3449.9987989328533,394628513775.2061,16226529154.78444
2022-04-02 00:00:00 UTC,3442.2755677902737,414854897478.46454,19567361533.71035
2022-04-03 00:00:00 UTC,3515.248555257074,413595262456.1556,22061369634.901733
2022-04-04 00:00:00 UTC,3521.3152266743136,423410516389.8548,13843994046.682629
2022-04-05 00:00:00 UTC,3414.213063672609,423383407596.3056,16906770184.554165
2022-04-06 00:00:00 UTC,3174.391384811864,412944890807.9602,15239450712.361258
2022-04-07 00:00:00 UTC,3229.7011351140063,381431300369.6951,25650568440.1179
2022-04-08 00:00:00 UTC,3195.931149878318,388867320187.2107,15871707793.0937
2022-04-09 00:00:00 UTC,3264.9477364680706,384001572295.9156,17273570964.434902
2022-04-10 00:00:00 UTC,3212.3947219330644,392819337159.2902,9291539111.564705
2022-04-11 00:00:00 UTC,2987.0187011106773,387352136317.9319,9887465245.456596
2022-04-12 00:00:00 UTC,3031.947973333269,359660574267.26746,21102596721.545147
2022-04-13 00:00:00 UTC,3123.779924392582,365661388410.7189,18924238680.818676
2022-04-14 00:00:00 UTC,3024.5028546169915,375767680796.0061,15469835365.53265
2022-04-15 00:00:00 UTC,3045.4376368574012,363962080917.9128,15884956876.33974
2022-04-16 00:00:00 UTC,3065.2355073039707,366652888182.9942,12534470746.693266
2022-04-17 00:00:00 UTC,2993.036927799045,369078742856.3379,9051282567.928738
2022-04-18 00:00:00 UTC,3060.114140706217,360748880962.9512,9590481875.103724
2022-04-19 00:00:00 UTC,3103.166790932381,368758484169.854,18158900215.41182
2022-04-20 00:00:00 UTC,3078.2080354591612,373782979942.6196,13450863181.254827
2022-04-21 00:00:00 UTC,2980.3760240878173,370811534001.0979,15150679727.593103
2022-04-22 00:00:00 UTC,2965.2022820157667,359917773311.257,20498919843.620403
2022-04-23 00:00:00 UTC,2938.942839107683,357499699337.40814,16113756920.26133
2022-04-24 00:00:00 UTC,2922.901865199808,354358143094.8383,8615343568.092373
2022-04-25 00:00:00 UTC,3008.3363470853,352253667166.94574,9197144504.772654
2022-04-26 00:00:00 UTC,2811.0027700110945,362590296737.94165,22034771183.618343
2022-04-27 00:00:00 UTC,2888.200033065152,338843361809.3401,17842441118.48525
2022-04-28 00:00:00 UTC,2935.4491326735665,348187513127.93756,16807476737.59841
2022-04-29 00:00:00 UTC,2818.6260072520367,353922965141.8263,18300206361.224308
2022-04-30 00:00:00 UTC,2738.1741359527714,339875303123.2027,17914163731.545147
2022-05-01 00:00:00 UTC,2832.513106895354,330211251741.10095,12615215855.73289
2022-05-02 00:00:00 UTC,2859.9953442837964,341626180826.6119,14488343551.509506
2022-05-03 00:00:00 UTC,2783.778948889256,344978892519.4706,17690327024.921368
2022-05-04 00:00:00 UTC,2942.052313122658,335822507796.51904,12800150972.54712
2022-05-05 00:00:00 UTC,2753.936566546688,354954232698.19507,17338111101.41338
2022-05-06 00:00:00 UTC,2699.7072470893745,332294703437.9869,20866120313.55226
2022-05-07 00:00:00 UTC,2641.229106940243,325786936490.35333,20516387193.83338
2022-05-08 00:00:00 UTC,2523.074858921165,318765051998.8998,12527736804.161669
2022-05-09 00:00:00 UTC,2292.5310697019436,304538735897.0852,20612325597.47392
2022-05-10 00:00:00 UTC,2344.797715643986,277899194748.64685,34224457598.1267
2022-05-11 00:00:00 UTC,2089.9860041379234,283082341315.2594,36864519794.490425
2022-05-12 00:00:00 UTC,1935.027810840385,252347278222.28964,46232388021.58548
2022-05-13 00:00:00 UTC,2027.3125206036143,233147599273.32544,42389150751.23262
2022-05-14 00:00:00 UTC,2064.229357512243,245112998921.5214,24076399603.63656
2022-05-15 00:00:00 UTC,2147.047447880575,249319115268.20465,14392443179.715418
2022-05-16 00:00:00 UTC,2025.888698391216,259350256988.01163,14394661657.479986
2022-05-17 00:00:00 UTC,2095.178884796724,244741893933.7311,20068372587.67688
2022-05-18 00:00:00 UTC,1915.1771232664505,253140153198.09167,17004687792.547894
2022-05-19 00:00:00 UTC,2015.6436342420516,231417606751.78244,15890015107.58508
2022-05-20 00:00:00 UTC,1963.9909395294865,243583743878.4876,17519438695.168545
2022-05-21 00:00:00 UTC,1978.1471325624789,237366807798.8157,14636995320.558138
2022-05-22 00:00:00 UTC,2046.64634965452,239102942424.56775,7551355191.578177
2022-05-23 00:00:00 UTC,1991.269364179713,247730054115.446,9623174527.73804
2022-05-24 00:00:00 UTC,1980.0435528217745,240384102793.316,14241025338.323042
2022-05-25 00:00:00 UTC,1944.2662044828223,239375431792.8676,12843767249.93827
2022-05-26 00:00:00 UTC,1803.8215798427673,235107846945.84583,12580462122.659952
2022-05-27 00:00:00 UTC,1725.3902313822346,218331543194.71823,22570004405.96051
2022-05-28 00:00:00 UTC,1797.013687497934,208622909553.5016,24294599522.8989
2022-05-29 00:00:00 UTC,1814.7675634836248,217371113179.74127,11979011279.12945
2022-05-30 00:00:00 UTC,1997.79138353714,219667816025.25537,9736169040.74664
2022-05-31 00:00:00 UTC,1947.3240035787744,241629337527.3135,18849996368.522182
2022-06-01 00:00:00 UTC,1824.2168379733073,235235428449.11987,17290158118.305874
2022-06-02 00:00:00 UTC,1835.9842120027167,220915659324.7088,19858889120.884773
2022-06-03 00:00:00 UTC,1775.639804624746,222487488380.58923,16453789530.00846
2022-06-04 00:00:00 UTC,1804.7110608043893,214984918897.9963,14996363099.59643
2022-06-05 00:00:00 UTC,1806.4084090487677,218501506474.77615,8278254555.018491
2022-06-06 00:00:00 UTC,1857.8984452264024,218561175507.6209,8429014269.633163
2022-06-07 00:00:00 UTC,1819.0084952818488,225224111085.68793,16471739951.322924
2022-06-08 00:00:00 UTC,1795.110740770228,220325055876.28268,23762492022.437782
2022-06-09 00:00:00 UTC,1787.3228571645122,217320792647.69748,17657201348.57922
2022-06-10 00:00:00 UTC,1663.6022105700276,216601275573.8533,10425636962.742258
2022-06-11 00:00:00 UTC,1534.4999755683434,201534072434.74924,17512190677.10616
2022-06-12 00:00:00 UTC,1442.1428023560777,185345647820.1176,20320927789.705013
2022-06-13 00:00:00 UTC,1208.0370700888077,176649606143.59042,22717396223.38524
2022-06-14 00:00:00 UTC,1213.7572439085666,146072737222.6309,47456817139.16811
2022-06-15 00:00:00 UTC,1235.8845902494031,147076404620.41605,32726478647.103264
2022-06-16 00:00:00 UTC,1066.525678114315,148791271623.67947,39814969634.67281
2022-06-17 00:00:00 UTC,1087.4133183384715,129513427202.27309,17815870571.773525
2022-06-18 00:00:00 UTC,995.974339837249,131815819235.10988,14022175546.029596
2022-06-19 00:00:00 UTC,1127.8303035025194,120718544660.16953,21548579970.10203
2022-06-20 00:00:00 UTC,1129.386590648745,136214925416.2125,21693278872.34412
2022-06-21 00:00:00 UTC,1123.6069824629717,137258770603.56429,19541470322.9552
2022-06-22 00:00:00 UTC,1051.189114380771,136363088341.74512,14649888493.526928
2022-06-23 00:00:00 UTC,1144.8255276538289,127461678007.68275,14228207827.55535
2022-06-24 00:00:00 UTC,1227.8716709027742,138816830950.9105,14227440887.807589
2022-06-25 00:00:00 UTC,1242.6782416568203,148966806311.8864,16164806515.14988
2022-06-26 00:00:00 UTC,1199.9547628043324,150911589288.58774,11639672629.621529
2022-06-27 00:00:00 UTC,1193.312511296306,145727702946.91232,11382521957.778725
2022-06-28 00:00:00 UTC,1143.2883786705793,144802761674.75308,12041172653.575428
2022-06-29 00:00:00 UTC,1100.0842505794546,138733196530.15607,13174477968.39634
2022-06-30 00:00:00 UTC,1058.456752847504,133420811206.62642,14629823433.396006
2022-07-01 00:00:00 UTC,1064.264943770869,128454102611.61304,15529049804.276188
2022-07-02 00:00:00 UTC,1067.4860675817192,126913942173.20146,17045663047.049238
2022-07-03 00:00:00 UTC,1073.0191387876423,127679161736.1008,9548188468.957762
2022-07-04 00:00:00 UTC,1152.0609113194787,128562448371.8024,7877405892.611106
2022-07-05 00:00:00 UTC,1134.4816471596089,137800946735.62283,13861960075.192911
2022-07-06 00:00:00 UTC,1187.5121806804036,135674407462.44164,15385858799.444307
2022-07-07 00:00:00 UTC,1236.7367417335763,142004928911.41818,14417897200.491636
2022-07-08 00:00:00 UTC,1224.2193343721656,148212611141.0184,13128918942.624512
2022-07-09 00:00:00 UTC,1217.786906804585,146860293318.69922,15332479002.09942
2022-07-10 00:00:00 UTC,1168.63003508845,145669899245.64273,7836232051.510725
2022-07-11 00:00:00 UTC,1096.7354583628346,139805453540.04813,10400200761.168528
2022-07-12 00:00:00 UTC,1040.2786958520558,131363492852.48431,11681167450.873724
2022-07-13 00:00:00 UTC,1114.8626548444904,124831295049.54146,11613703524.062117
2022-07-14 00:00:00 UTC,1192.9164302594256,132986401488.71632,17962710549.90823
2022-07-15 00:00:00 UTC,1232.6499057224858,142767764050.56015,16461311100.158112
2022-07-16 00:00:00 UTC,1355.6168597645387,147715934745.5137,16653146940.54998
2022-07-17 00:00:00 UTC,1341.3810554755378,161876225059.01764,19053503876.07783
2022-07-18 00:00:00 UTC,1574.334342849577,160591643906.65222,15831896973.24554
2022-07-19 00:00:00 UTC,1542.563363036625,188412422638.6531,26451671495.42965
2022-07-20 00:00:00 UTC,1520.0076882232072,184891711996.19257,27371665516.008915
2022-07-21 00:00:00 UTC,1574.4639833992203,181680480615.37573,21611811580.81232
2022-07-22 00:00:00 UTC,1537.645191890867,188807814065.77225,19356205414.810925
2022-07-23 00:00:00 UTC,1551.6214408281023,183933879174.97644,18091344177.49777
2022-07-24 00:00:00 UTC,1599.7289479243004,185886915451.16776,14440996628.060863
2022-07-25 00:00:00 UTC,1443.6774859243485,192833875418.8718,16104445691.475515
2022-07-26 00:00:00 UTC,1445.7282048859022,172998402488.02142,19861509328.093708
2022-07-27 00:00:00 UTC,1637.7318407625414,172874147076.34418,17756040261.262135
2022-07-28 00:00:00 UTC,1725.577697180815,196435172265.031,22768499460.28847
2022-07-29 00:00:00 UTC,1732.43794687956,206833866830.221,27487464801.159485
2022-07-30 00:00:00 UTC,1696.1768889712027,210767555013.8352,21840720315.95937
2022-07-31 00:00:00 UTC,1681.167766860114,203433082401.51196,13781419033.770536
2022-08-01 00:00:00 UTC,1633.5771600628257,201684547325.2247,12825028179.25449
2022-08-02 00:00:00 UTC,1635.3595468421422,195962280445.4563,15505445875.146809
2022-08-03 00:00:00 UTC,1621.572638172034,196533206730.95972,19252309718.93024
2022-08-04 00:00:00 UTC,1611.3418628221918,194280005714.29996,15488599589.600206
2022-08-05 00:00:00 UTC,1730.3080326496706,193320909464.2209,14103493135.874264
2022-08-06 00:00:00 UTC,1691.782424824553,207856186256.8248,18045351643.61351
2022-08-07 00:00:00 UTC,1701.4080063235397,202973296120.39725,11098524083.084484
2022-08-08 00:00:00 UTC,1779.77214326057,204178664948.03424,9406702702.525295
2022-08-09 00:00:00 UTC,1696.6566739956986,213175556059.84912,15601542487.169895
2022-08-10 00:00:00 UTC,1853.0435771568505,204260348576.8655,24180087709.79097
2022-08-11 00:00:00 UTC,1881.984831002347,222103417229.72577,21710711944.65904
2022-08-12 00:00:00 UTC,1958.2040397840383,225973452853.74725,21774820002.00264
2022-08-13 00:00:00 UTC,1982.261379179308,235254593664.57745,15774920061.869955
2022-08-14 00:00:00 UTC,1939.1799911484952,237972056306.98935,14732135014.167864
2022-08-15 00:00:00 UTC,1902.7647975764755,232593263080.43417,12157628430.077816
2022-08-16 00:00:00 UTC,1880.121051575579,228672083485.5756,18265790345.516724
2022-08-17 00:00:00 UTC,1836.7769774706096,225920460727.74048,14235462164.902142
2022-08-18 00:00:00 UTC,1849.6745763236656,220665870251.26813,18446294873.84677
2022-08-19 00:00:00 UTC,1612.3958096170347,222242916972.8253,13387131453.748554
2022-08-20 00:00:00 UTC,1577.608862411428,194817731984.87317,22659383630.006905
2022-08-21 00:00:00 UTC,1620.6779443669527,189762060885.5728,16280845870.902622
2022-08-22 00:00:00 UTC,1622.349775543379,195324471844.68927,14161847486.761765
2022-08-23 00:00:00 UTC,1666.0336124241178,195021903779.1547,16634358373.20175
2022-08-24 00:00:00 UTC,1657.6140998209726,199889229686.9934,17100467051.27763
2022-08-25 00:00:00 UTC,1696.7661716304422,199117634174.20895,15318181761.12047
2022-08-26 00:00:00 UTC,1508.05039211323,204240810436.6186,12859572870.668716
2022-08-27 00:00:00 UTC,1493.4702030938329,181602871643.23407,23057318797.473648
2022-08-28 00:00:00 UTC,1435.7535603062863,179887478326.98642,15389088517.783722
2022-08-29 00:00:00 UTC,1555.2888259173828,173645963258.54285,10658610065.271866
2022-08-30 00:00:00 UTC,1523.2877453875296,187437853967.29883,16418203083.971443
2022-08-31 00:00:00 UTC,1553.5559643969295,183280516085.5373,19740447344.961403
2022-09-01 00:00:00 UTC,1586.6808780836714,186670000430.8127,18561904522.442463
2022-09-02 00:00:00 UTC,1577.411328039727,191078487039.94177,15003436311.207052
2022-09-03 00:00:00 UTC,1557.232428419976,189678877652.6803,15883123010.655272
2022-09-04 00:00:00 UTC,1582.2313187602374,187444917692.6895,8490852405.049038
2022-09-05 00:00:00 UTC,1614.621343393546,190082046955.22556,7844268680.254606
2022-09-06 00:00:00 UTC,1563.9100302899976,194714097035.8242,11825895124.69757
2022-09-07 00:00:00 UTC,1637.135839681504,188230072613.22653,20605759305.62435
2022-09-08 00:00:00 UTC,1635.1030730379791,196280900737.57675,18474670392.945724
2022-09-09 00:00:00 UTC,1718.9835506228342,196882691710.49237,16635145855.23322
2022-09-10 00:00:00 UTC,1779.0410937352867,206873029263.2678,19441087924.403618
2022-09-11 00:00:00 UTC,1760.7492036437654,214315849498.72748,12519791583.552446
2022-09-12 00:00:00 UTC,1712.947990573323,211895058510.3476,11692477742.227251
2022-09-13 00:00:00 UTC,1569.727733033988,205793007270.87155,16804922044.503592
2022-09-14 00:00:00 UTC,1636.4369060900426,189629656620.87045,22153266097.1011
2022-09-15 00:00:00 UTC,1472.225304514391,196550513818.88647,17223278589.954803
2022-09-16 00:00:00 UTC,1432.18962705455,177918273632.48117,24813353331.454426
2022-09-17 00:00:00 UTC,1470.6778100057832,172648241741.38135,17779225565.44203
2022-09-18 00:00:00 UTC,1336.2127433516655,177299639477.4967,10304483622.036528
2022-09-19 00:00:00 UTC,1377.533965863315,161378107849.57123,14724138245.813503
2022-09-20 00:00:00 UTC,1325.536654702846,166370229681.14825,17631929367.15137
2022-09-21 00:00:00 UTC,1252.265944150707,159537732173.0911,13514870034.607857
2022-09-22 00:00:00 UTC,1328.7588806846718,151084586604.48166,18744897996.796898
2022-09-23 00:00:00 UTC,1330.2587236347013,160415097114.1742,17481056394.346943
2022-09-24 00:00:00 UTC,1318.4118213960624,160823914264.80762,17629676431.66768
2022-09-25 00:00:00 UTC,1294.0934951976933,159030822515.26553,11257468484.546368
2022-09-26 00:00:00 UTC,1335.541401993729,156086197162.4057,10504197334.668238
2022-09-27 00:00:00 UTC,1331.9604280179178,160767471777.8733,15286022801.872513
2022-09-28 00:00:00 UTC,1340.6097787518488,160647151359.1961,16605731814.669683
2022-09-29 00:00:00 UTC,1334.8933293811572,161716193676.29504,16562184313.8345
2022-09-30 00:00:00 UTC,1330.189678814932,161267455734.36823,11825007071.817692
2022-10-01 00:00:00 UTC,1311.6116711353595,160462955554.32846,11867765219.964497
2022-10-02 00:00:00 UTC,1277.3544037503048,158410068981.48102,5045783395.355019
2022-10-03 00:00:00 UTC,1323.3107852938106,154451412832.25586,6209804387.204051
2022-10-04 00:00:00 UTC,1362.7443522079138,159951067075.9052,8727213491.719425
2022-10-05 00:00:00 UTC,1352.7461127508705,164781680358.15567,8529569852.092644
2022-10-06 00:00:00 UTC,1351.7463142350323,163440727307.25024,8439791558.65618
2022-10-07 00:00:00 UTC,1329.0552605888568,163356299853.9275,10563929768.695835
2022-10-08 00:00:00 UTC,1315.9137942634918,160589397760.37476,8508285004.184741
2022-10-09 00:00:00 UTC,1322.6294118962744,159083423929.71472,4937079795.073006
2022-10-10 00:00:00 UTC,1291.241112588874,159586330117.54977,4751360428.343141
2022-10-11 00:00:00 UTC,1280.0028459274797,156180434676.1384,7507048575.174829
2022-10-12 00:00:00 UTC,1294.3335224789369,154657511483.1829,8308159084.757433
2022-10-13 00:00:00 UTC,1287.3733243391584,156488571589.45505,7509157786.958465
2022-10-14 00:00:00 UTC,1297.7123846996656,155703285133.85605,15295897514.703772
2022-10-15 00:00:00 UTC,1276.4359221041786,156961114034.64346,11752793896.701246
2022-10-16 00:00:00 UTC,1306.775613334242,154235426052.64377,5727203548.644789
2022-10-17 00:00:00 UTC,1332.2647314829262,157219790372.87076,6325548506.559288
2022-10-18 00:00:00 UTC,1309.9408795534412,160690333948.33112,8628399935.85397
2022-10-19 00:00:00 UTC,1285.5628011041542,158082173402.60727,9536776427.5424
2022-10-20 00:00:00 UTC,1284.4315780306683,154808369275.81442,8129125071.692044
2022-10-21 00:00:00 UTC,1300.3357322455793,154512893268.0924,8792501754.849852
2022-10-22 00:00:00 UTC,1314.1164935908184,156673724237.28812,8710121240.925484
2022-10-23 00:00:00 UTC,1363.7319179758044,158365108378.3375,4976813496.446508
2022-10-24 00:00:00 UTC,1343.8022238712024,164293553258.12286,7791124908.976015
2022-10-25 00:00:00 UTC,1461.042646033279,161858058865.06808,10690200448.289606
2022-10-26 00:00:00 UTC,1567.4776176756352,176051206695.99817,19669103314.76433
2022-10-27 00:00:00 UTC,1513.7755202075837,189173389239.5451,24368438361.431526
2022-10-28 00:00:00 UTC,1553.7394936765045,182723289741.9848,17674778316.001133
2022-10-29 00:00:00 UTC,1618.965368789797,187324850268.18915,15564812532.079336
2022-10-30 00:00:00 UTC,1590.1061713985785,195101379540.34195,17042580900.404434
2022-10-31 00:00:00 UTC,1572.7370306594005,191500820025.9781,10301213765.22062
2022-11-01 00:00:00 UTC,1579.376995889036,189478578997.59592,14898490127.909351
2022-11-02 00:00:00 UTC,1519.7386167168354,190428736966.3317,19086225933.132423
2022-11-03 00:00:00 UTC,1531.694447683733,183368006193.10983,27448483840.29954
2022-11-04 00:00:00 UTC,1644.4788432709352,184398997533.25903,22512662918.257774
2022-11-05 00:00:00 UTC,1627.965798729485,198053929735.6523,36954934657.60811
2022-11-06 00:00:00 UTC,1571.1114148024403,196264485041.5907,21177635359.55155
2022-11-07 00:00:00 UTC,1569.019307695016,189763621397.94977,22300901454.91445
2022-11-08 00:00:00 UTC,1328.2191827812774,188875473098.02017,30243555911.119247
2022-11-09 00:00:00 UTC,1105.9139715386343,160813058133.9897,32622530270.937233
2022-11-10 00:00:00 UTC,1301.6794034386164,131794377265.61276,29350133025.629368
2022-11-11 00:00:00 UTC,1292.989289558902,156380990539.85645,24018634246.69218
2022-11-12 00:00:00 UTC,1255.5166187444863,155222424523.53937,17308169247.28301
2022-11-13 00:00:00 UTC,1221.4864454622398,151059842003.22357,8484577369.63327
2022-11-14 00:00:00 UTC,1242.0957143099315,147262298583.78482,7724272007.38082
2022-11-15 00:00:00 UTC,1253.8544392714662,149987178583.21732,12016316650.877657
2022-11-16 00:00:00 UTC,1217.1239613496807,151062413577.56232,8943720851.02751
2022-11-17 00:00:00 UTC,1201.7234305421125,146718573462.2669,8858118998.188013
2022-11-18 00:00:00 UTC,1212.972026570114,144894942760.29672,7070764221.664744
2022-11-19 00:00:00 UTC,1219.8850292015209,146145817586.6032,5599545100.492214
2022-11-20 00:00:00 UTC,1143.9979387796009,146849867750.37766,3726436552.2547016
2022-11-21 00:00:00 UTC,1110.0400946661234,137964810712.74976,6830482740.200902
2022-11-22 00:00:00 UTC,1139.3597540985886,133733639793.52232,10513241847.868813
2022-11-23 00:00:00 UTC,1185.9159377338017,137050514642.06915,9259336832.46642
2022-11-24 00:00:00 UTC,1204.3773534749992,142854533237.69275,9218004079.37637
2022-11-25 00:00:00 UTC,1199.6453966540678,145091739838.44122,6939810938.828798
2022-11-26 00:00:00 UTC,1206.4293749001572,144479112736.68948,5803865397.546345
2022-11-27 00:00:00 UTC,1196.662958376892,145222050633.46432,5277623481.89524
2022-11-28 00:00:00 UTC,1169.921128466853,144115879445.61426,4162924943.148742
2022-11-29 00:00:00 UTC,1217.4080089462288,141048501904.6694,6444434815.990202
2022-11-30 00:00:00 UTC,1297.4926837173723,146749281622.5983,7141054640.870384
2022-12-01 00:00:00 UTC,1276.600906106779,156777674228.40683,9893906156.24052
2022-12-02 00:00:00 UTC,1299.0333859445502,153831939659.2608,6377073874.345147
2022-12-03 00:00:00 UTC,1243.2431539042907,155766037022.93884,5679385613.923949
2022-12-04 00:00:00 UTC,1281.3115514741726,150322759022.75156,5182012533.972524
2022-12-05 00:00:00 UTC,1260.0535047674125,154484879835.4558,4841255632.203716
2022-12-06 00:00:00 UTC,1270.8606922446054,151960138515.5798,5792428010.046376
2022-12-07 00:00:00 UTC,1232.8281223743709,153219657479.0831,4741871963.125158
2022-12-08 00:00:00 UTC,1280.550601213376,148778387852.61035,5394135282.678504
2022-12-09 00:00:00 UTC,1263.9332695690273,154438830699.8818,5938445654.497427
2022-12-10 00:00:00 UTC,1266.2109888062828,152405570526.73016,5738525257.853048
2022-12-11 00:00:00 UTC,1260.5665415714402,152591104724.41876,3146933107.5207005
2022-12-12 00:00:00 UTC,1273.5924317897045,152170088590.96375,3167746672.1705747
2022-12-13 00:00:00 UTC,1320.647589314624,153743004467.3702,5094303751.870951
2022-12-14 00:00:00 UTC,1308.4131547914335,159205793114.4748,8723729368.105282
2022-12-15 00:00:00 UTC,1264.7185220307224,157633274799.26862,8021545043.739434
2022-12-16 00:00:00 UTC,1168.3884138173034,152444818382.92126,6017065124.8876505
2022-12-17 00:00:00 UTC,1187.2727809512648,140289330990.1754,8966789981.572445
2022-12-18 00:00:00 UTC,1183.06208665165,143092163022.88184,4863815836.362701
2022-12-19 00:00:00 UTC,1168.7022149270513,143142028259.18048,3166958620.2258635
2022-12-20 00:00:00 UTC,1218.6206878905346,140848456817.4131,4289887574.732592
2022-12-21 00:00:00 UTC,1214.13885527762,146802833364.30045,6461140881.905501
2022-12-22 00:00:00 UTC,1218.1279900847974,146039250786.06482,4088768924.8237495
2022-12-23 00:00:00 UTC,1220.9329234043137,146741009624.09518,5192540057.696133
2022-12-24 00:00:00 UTC,1221.082596766705,147139676261.07556,4752784889.3015375
2022-12-25 00:00:00 UTC,1219.5089638236643,147173116811.52798,2441522447.1605105
2022-12-26 00:00:00 UTC,1226.026837956892,146980076500.82898,3699134569.2739873
2022-12-27 00:00:00 UTC,1211.1627270447275,147697269147.94653,3117887004.152816
2022-12-28 00:00:00 UTC,1189.8644123131528,146030514727.00162,4157309973.5146313
2022-12-29 00:00:00 UTC,1201.595334144744,143241827136.73636,5190144803.9981785
2022-12-30 00:00:00 UTC,1199.4291454296608,144831301452.10547,4179769844.66206
2022-12-31 00:00:00 UTC,1196.4449242192643,144611517916.40677,4119015444.613453
2023-01-01 00:00:00 UTC,1200.968126756993,144201972075.1301,2886045804.429472
2023-01-02 00:00:00 UTC,1214.3823664363936,144712215098.15164,2187065125.3770084
2023-01-03 00:00:00 UTC,1214.746563938259,146364276455.44617,3834732430.901385
2023-01-04 00:00:00 UTC,1256.8194216227416,146408264737.30057,3354829969.598896
2023-01-05 00:00:00 UTC,1251.2571727467566,151322902029.0838,6740146123.363163
2023-01-06 00:00:00 UTC,1269.7044907704344,150792487236.1882,4004074921.724014
2023-01-07 00:00:00 UTC,1264.951814330288,153036882797.26324,5205246097.313524
2023-01-08 00:00:00 UTC,1287.4374073483102,152447212852.65866,2417849522.977273
2023-01-09 00:00:00 UTC,1322.2371638639402,154857941332.0086,3444143800.5657964
2023-01-10 00:00:00 UTC,1335.6668643642906,159397504473.27673,8598851565.454538
2023-01-11 00:00:00 UTC,1391.1273283905234,160999220384.61914,6394006909.625253
2023-01-12 00:00:00 UTC,1416.877112446016,167839113151.03107,6850725783.830719
2023-01-13 00:00:00 UTC,1449.9982694048174,170722592771.6607,13063300995.363716
2023-01-14 00:00:00 UTC,1553.169376959195,175167170996.9712,8334328954.220087
2023-01-15 00:00:00 UTC,1553.9343965480978,186885267252.97623,15400642208.448051
2023-01-16 00:00:00 UTC,1576.317849370702,187280269970.43887,7076270002.423299
2023-01-17 00:00:00 UTC,1567.1528588492292,190122961411.6948,9446580331.07242
2023-01-18 00:00:00 UTC,1516.3334168518509,188982728685.09735,8500047753.571591
2023-01-19 00:00:00 UTC,1552.0785952767906,182741678101.8173,11845183449.625889
2023-01-20 00:00:00 UTC,1661.649680052114,186967330908.32364,6803357826.352713
2023-01-21 00:00:00 UTC,1625.6494400624342,200011161010.51965,9252515843.575716
2023-01-22 00:00:00 UTC,1629.6598792691484,195908718395.08084,9667171581.23858
2023-01-23 00:00:00 UTC,1627.509130901866,196512572594.40756,8212986561.939653
2023-01-24 00:00:00 UTC,1559.0488333743492,196144137272.85684,9032299549.663136
2023-01-25 00:00:00 UTC,1611.6472257874357,187926720556.69247,9068431225.167158
2023-01-26 00:00:00 UTC,1603.6757156215774,194402223992.6201,11956452586.044815
2023-01-27 00:00:00 UTC,1598.5970961804085,193276131177.59735,10041525421.017294
2023-01-28 00:00:00 UTC,1572.7413683550055,192655840143.45255,9597278592.928892
2023-01-29 00:00:00 UTC,1645.8476977853966,189468932731.5985,6505616095.406577
2023-01-30 00:00:00 UTC,1567.4187316183445,198339307428.10373,10027205200.924982
2023-01-31 00:00:00 UTC,1586.1528857850817,189008629729.61353,10942786939.275677
2023-02-01 00:00:00 UTC,1643.3973929498889,191042852121.47128,7542671566.486553
2023-02-02 00:00:00 UTC,1645.673087189607,197724834027.55963,9291055929.613155
2023-02-03 00:00:00 UTC,1664.4610376798676,198613736403.15057,12562215069.76716
2023-02-04 00:00:00 UTC,1668.625083725697,200784153460.47113,9514388100.715317
2023-02-05 00:00:00 UTC,1630.303939865262,201099652782.7474,6783269853.918865
2023-02-06 00:00:00 UTC,1616.9488529831426,196817854756.22067,8198018541.335355
2023-02-07 00:00:00 UTC,1673.634918513726,194725338782.41467,7810938836.842332
2023-02-08 00:00:00 UTC,1651.0381775107403,201485632032.173,9158281569.98078
2023-02-09 00:00:00 UTC,1546.6431421573857,199107556553.15936,8757099871.91915
2023-02-10 00:00:00 UTC,1514.5099160793309,186306817307.09564,12458982167.99944
2023-02-11 00:00:00 UTC,1541.6794907137491,182607269311.02472,9806716078.527342
2023-02-12 00:00:00 UTC,1517.6924411054513,185826666441.3843,6090115305.203576
2023-02-13 00:00:00 UTC,1507.5261205915444,182777247730.38425,6119658933.523686
2023-02-14 00:00:00 UTC,1555.0291165399328,181589830341.348,11593845176.126863
2023-02-15 00:00:00 UTC,1675.1315221601417,187619568130.73468,11602240907.975391
2023-02-16 00:00:00 UTC,1639.209858111884,201595282287.4858,11095198721.007826
2023-02-17 00:00:00 UTC,1698.8021074898058,198370400841.4434,13372832364.7629
2023-02-18 00:00:00 UTC,1691.3098257584466,204681900551.5299,10786080725.311493
2023-02-19 00:00:00 UTC,1679.2561185130237,203835773156.6095,5812156589.835276
2023-02-20 00:00:00 UTC,1700.5276713411463,202337424043.5232,7535828116.527574
2023-02-21 00:00:00 UTC,1658.1640718472834,204862809215.74585,8357054946.293986
2023-02-22 00:00:00 UTC,1641.6430839832722,199699878225.64557,9696428489.262367
2023-02-23 00:00:00 UTC,1649.6589967985694,197781620282.86932,9819067489.193851
2023-02-24 00:00:00 UTC,1608.2689403869492,199025774533.0471,9669866630.573362
2023-02-25 00:00:00 UTC,1594.8262225680126,193834618579.0552,9598192501.242828
2023-02-26 00:00:00 UTC,1640.5953467787133,192149469616.7097,6138220950.923304
2023-02-27 00:00:00 UTC,1633.2033212001768,197696596339.3676,6367098183.058145
2023-02-28 00:00:00 UTC,1605.8241780145058,197018105507.06073,7914095657.719402
2023-03-01 00:00:00 UTC,1664.035050173018,193276888983.6779,6857831421.058119
2023-03-02 00:00:00 UTC,1647.807145698824,200484145247.56064,8678590202.922731
2023-03-03 00:00:00 UTC,1570.3017999164863,198526794129.86063,7922674904.248658
2023-03-04 00:00:00 UTC,1568.9566326000909,189178795460.26093,11190710110.21522
2023-03-05 00:00:00 UTC,1564.2983627664614,189048040738.40964,4773342961.3592205
2023-03-06 00:00:00 UTC,1566.807937158527,188337456156.2138,62219544833.81492
2023-03-07 00:00:00 UTC,1562.1899865646192,188803304807.84476,6574310250.85172
2023-03-08 00:00:00 UTC,1534.5434790531224,187945419858.86072,8502387258.057525
2023-03-09 00:00:00 UTC,1439.2659644837568,184874941370.44193,11884318290.65371
2023-03-10 00:00:00 UTC,1428.3806551503749,173232609854.28854,10852744126.42613
2023-03-11 00:00:00 UTC,1472.8002559898316,172474466355.71472,14707479762.791344
2023-03-12 00:00:00 UTC,1592.3575030373152,177400644694.4579,18326818458.0926
2023-03-13 00:00:00 UTC,1682.0799923659526,190440681263.2129,13969199659.142263
2023-03-14 00:00:00 UTC,1704.5998680248742,202294154847.0903,65175478697.33206
2023-03-15 00:00:00 UTC,1657.469506849492,205738833552.65433,19808756845.761658
2023-03-16 00:00:00 UTC,1679.876421733345,199683960794.45255,17250308599.906666
2023-03-17 00:00:00 UTC,1792.747003512616,202411234958.15692,30195152610.0224
2023-03-18 00:00:00 UTC,1770.2748471534,215660560704.77524,14421117598.290155
2023-03-19 00:00:00 UTC,1790.5505591207502,213123927233.32803,11986016312.143044
2023-03-20 00:00:00 UTC,1747.0225170150184,217844457987.9951,10809824718.256044
2023-03-21 00:00:00 UTC,1813.9749920500697,209763828559.92316,12942722791.458973
2023-03-22 00:00:00 UTC,1746.394081363209,218008486913.68356,10858507390.305475
2023-03-23 00:00:00 UTC,1824.4286744594071,210285658211.08432,13800207205.885284
2023-03-24 00:00:00 UTC,1762.2954502490695,219518418514.19247,10979549665.426514
2023-03-25 00:00:00 UTC,1755.1715364787633,212072713258.261,11700561150.412794
2023-03-26 00:00:00 UTC,1776.644399930498,211355889911.33264,8002266242.534663
2023-03-27 00:00:00 UTC,1716.833849240467,214528709136.8291,8425529021.478874
2023-03-28 00:00:00 UTC,1774.9882559837963,206685090340.53693,9746736994.666067
2023-03-29 00:00:00 UTC,1793.9492622666169,213909228254.6471,9526887233.905512
2023-03-30 00:00:00 UTC,1793.9402449840752,216268184816.82077,10391869824.189045
2023-03-31 00:00:00 UTC,1823.8776517260844,216024475834.15308,10967616578.364452
2023-04-01 00:00:00 UTC,1823.4688952523652,219903281108.44144,10349902182.023264
2023-04-02 00:00:00 UTC,1798.201951470648,219561711559.01,6150024809.904486
2023-04-03 00:00:00 UTC,1811.650060546709,216494189054.4792,6690738433.6086035
2023-04-04 00:00:00 UTC,1872.677575328055,218499091537.94772,11107635836.642206
2023-04-05 00:00:00 UTC,1909.804931874891,225257854355.94864,11591982459.97127
2023-04-06 00:00:00 UTC,1873.2113858237533,230370056366.2714,11552159560.320646
2023-04-07 00:00:00 UTC,1865.9925172644537,225549620778.91388,9220086812.542332
2023-04-08 00:00:00 UTC,1851.1422655587392,224884695655.05383,9299013284.946253
2023-04-09 00:00:00 UTC,1858.897527842874,222939737832.4115,5968166947.507832
2023-04-10 00:00:00 UTC,1912.9138272522132,224176929948.07724,7395950023.931775
2023-04-11 00:00:00 UTC,1893.1479501522176,230201702660.8635,9658623571.535862
2023-04-12 00:00:00 UTC,1919.179396494524,227988460702.9362,10252577513.507725
2023-04-13 00:00:00 UTC,2014.1901436715416,231476399968.9067,13164470853.42363
2023-04-14 00:00:00 UTC,2101.740611751198,242284529486.34308,13935001720.724451
2023-04-15 00:00:00 UTC,2092.186056780875,252786193063.17667,17745203131.132427
2023-04-16 00:00:00 UTC,2120.3234301706816,251371785920.25336,9199702695.457975
2023-04-17 00:00:00 UTC,2076.0855147802117,253859704969.132,8923075899.082745
2023-04-18 00:00:00 UTC,2105.210287241612,247932797318.5417,10769561802.96554
2023-04-19 00:00:00 UTC,1937.8421031736025,251100187595.887,10145287928.32693
2023-04-20 00:00:00 UTC,1942.5888363428144,231458322403.79388,15692514768.375748
2023-04-21 00:00:00 UTC,1850.1168325519884,233965107542.7419,12369369483.719614
2023-04-22 00:00:00 UTC,1875.04357287454,222536195564.3714,13439542601.749756
2023-04-23 00:00:00 UTC,1862.5753231554183,226045163962.52756,7790644345.119703
2023-04-24 00:00:00 UTC,1842.014079995581,224279097568.5973,7357972344.951479
2023-04-25 00:00:00 UTC,1865.9035453454396,221803547013.82272,9126239497.526457
2023-04-26 00:00:00 UTC,1870.9949487427905,224752548493.53928,9653887069.409904
2023-04-27 00:00:00 UTC,1910.0031913650728,225276760384.95715,16196659130.497732
2023-04-28 00:00:00 UTC,1892.778433107218,229999119913.39328,17316031801.739716
2023-04-29 00:00:00 UTC,1909.971677458321,227926587918.9636,8832910136.477318
2023-04-30 00:00:00 UTC,1878.047302959465,229806612965.5064,5300850397.9531145
2023-05-01 00:00:00 UTC,1832.4708593196085,227186562478.89905,7350711428.422025
2023-05-02 00:00:00 UTC,1872.3060968942668,220614126197.28928,9628140877.770626
2023-05-03 00:00:00 UTC,1904.694865064002,225192198744.26425,8354007134.774559
2023-05-04 00:00:00 UTC,1878.1927509658683,229058202737.14035,9154909368.340374
2023-05-05 00:00:00 UTC,1994.8515754081616,226033834100.12152,6300039409.483244
2023-05-06 00:00:00 UTC,1900.4558536017971,239911504424.29404,11183694038.298256
2023-05-07 00:00:00 UTC,1885.5881073577816,228581505168.13132,10539507628.083134
2023-05-08 00:00:00 UTC,1849.049615256815,228246618295.44156,6657323892.842336
2023-05-09 00:00:00 UTC,1848.098170848278,222406833247.6045,11187829906.711496
2023-05-10 00:00:00 UTC,1841.813185281112,222386810919.89813,6862275385.774173
2023-05-11 00:00:00 UTC,1795.53057613714,221632027136.72604,9452601292.557753
2023-05-12 00:00:00 UTC,1807.6295260999989,215984373003.5366,9621900172.054413
2023-05-13 00:00:00 UTC,1796.3259418843186,217439755694.56888,10549100393.326525
2023-05-14 00:00:00 UTC,1800.3922393956143,216080047549.26468,5001301198.704621
2023-05-15 00:00:00 UTC,1816.4031554458545,216569182476.89844,5173146479.09507
2023-05-16 00:00:00 UTC,1824.1675344597857,223385682021.10895,7673158073.146127
2023-05-17 00:00:00 UTC,1821.507064965201,219562064257.98773,6071247097.318129
2023-05-18 00:00:00 UTC,1802.1760421473969,219124262711.374,6753310758.387831
2023-05-19 00:00:00 UTC,1812.030828138811,217078808863.77985,5819511818.923181
2023-05-20 00:00:00 UTC,1818.7995682893104,217938341421.46832,5229178305.613492
2023-05-21 00:00:00 UTC,1805.8491942195328,218770214155.48007,3139176016.5211244
2023-05-22 00:00:00 UTC,1818.243296390474,217110333023.42233,3790118499.250243
2023-05-23 00:00:00 UTC,1854.124578439536,218746186925.56677,5158180625.414412
2023-05-24 00:00:00 UTC,1799.4626120417756,222906967413.9726,6467592752.383411
2023-05-25 00:00:00 UTC,1805.8514593998325,216837950430.06705,8022974128.817236
2023-05-26 00:00:00 UTC,1828.719825556177,217194191610.31747,7370800074.209484
2023-05-27 00:00:00 UTC,1830.0827285715964,219969209232.79053,6479464900.5304165
2023-05-28 00:00:00 UTC,1912.1045138382856,220035586188.35385,4186853219.834886
2023-05-29 00:00:00 UTC,1892.9017134353371,230041639357.4828,7626135466.236853
2023-05-30 00:00:00 UTC,1901.3260103077537,227805314887.09955,6681032726.1524105
2023-05-31 00:00:00 UTC,1875.3137608987736,228588229006.90048,5902746462.825542
2023-06-01 00:00:00 UTC,1861.778902049924,225483513769.4682,6713359565.559378
2023-06-02 00:00:00 UTC,1907.5762692954272,223850958023.0443,6245127131.671976
2023-06-03 00:00:00 UTC,1892.9572160228113,229335461597.8791,6936174203.132609
2023-06-04 00:00:00 UTC,1891.228674542131,227602340164.77417,3919427101.186336
2023-06-05 00:00:00 UTC,1810.99032482673,227418753400.94525,3848022000.720191
2023-06-06 00:00:00 UTC,1883.5334639511968,218224817446.19363,10162707896.627478
2023-06-07 00:00:00 UTC,1832.1783885038992,226575147323.46097,9603246174.265133
2023-06-08 00:00:00 UTC,1845.5749113147936,220294050350.78452,8255555540.662405
2023-06-09 00:00:00 UTC,1839.354566208801,221935992544.7284,4896858581.367077
2023-06-10 00:00:00 UTC,1754.0156657482098,221018802010.85452,5124727635.413186
2023-06-11 00:00:00 UTC,1752.2671791556493,210950148701.20724,41687982250.28501
2023-06-12 00:00:00 UTC,1742.9285252911536,210689385407.94504,5098705843.999339
2023-06-13 00:00:00 UTC,1740.2149991010522,209462687695.93985,6728608575.384256
2023-06-14 00:00:00 UTC,1649.7868579560138,209182294063.96777,6970720946.71984
2023-06-15 00:00:00 UTC,1665.709864608598,198559274296.62064,8023628762.31197
2023-06-16 00:00:00 UTC,1716.6839706717724,200099209933.71683,8232176098.425712
2023-06-17 00:00:00 UTC,1727.0636237095189,206321573355.8955,6984163175.440983
2023-06-18 00:00:00 UTC,1720.7018703143217,207595972780.22693,5235922174.432646
2023-06-19 00:00:00 UTC,1735.0599988125591,206730774198.4613,4067162843.241255
2023-06-20 00:00:00 UTC,1792.1166967549614,208507638780.89432,5746276906.035082
2023-06-21 00:00:00 UTC,1892.9020278128664,215060967094.14032,7983905506.756099
2023-06-22 00:00:00 UTC,1874.2291879102536,227525003930.5461,13923669163.8591
2023-06-23 00:00:00 UTC,1892.4003933578356,225381084937.87924,9371377380.427494
2023-06-24 00:00:00 UTC,1876.5778755883784,227419416441.5965,9319270400.534222
2023-06-25 00:00:00 UTC,1899.9645545258695,225448939889.35513,5432671408.249873
2023-06-26 00:00:00 UTC,1859.717020657091,228332438014.13016,7591804635.682156
2023-06-27 00:00:00 UTC,1888.8409059197631,223061316934.54123,8295772681.620165
2023-06-28 00:00:00 UTC,1828.4051853676367,227143144300.65317,8797358444.07677
2023-06-29 00:00:00 UTC,1853.1595483318565,219923192180.68497,7959574464.902355
2023-06-30 00:00:00 UTC,1932.30140790295,222892015037.67108,6705268030.405582
2023-07-01 00:00:00 UTC,1924.2497688207443,232417040695.4234,13213628828.718493
2023-07-02 00:00:00 UTC,1937.9250970347869,231334877370.5512,5453614406.621021
2023-07-03 00:00:00 UTC,1955.4988191974571,232373535009.1871,7022141001.176734
2023-07-04 00:00:00 UTC,1935.9961052849055,234942840998.13855,9162066498.775969
2023-07-05 00:00:00 UTC,1910.3498946755064,233226523011.07104,6052457186.844274
2023-07-06 00:00:00 UTC,1850.5352481094576,230045605241.41965,8037149196.880676
2023-07-07 00:00:00 UTC,1871.0778432595769,223411633998.65668,13716744910.642578
2023-07-08 00:00:00 UTC,1865.9306620650368,224666147793.60873,8843028135.198336
2023-07-09 00:00:00 UTC,1861.9730346098888,224139520023.71573,5251058848.715166
2023-07-10 00:00:00 UTC,1880.678446883152,224087647539.90027,3456542211.022228
2023-07-11 00:00:00 UTC,1878.2750195910512,225973953890.5744,4316707748.654605
2023-07-12 00:00:00 UTC,1873.3479453150824,225832392208.56964,3879684418.805411
2023-07-13 00:00:00 UTC,2004.376266160734,225081147081.1057,7991595693.478569
2023-07-14 00:00:00 UTC,1937.938634757384,240656450975.356,13659928139.589346
2023-07-15 00:00:00 UTC,1932.0730512297007,232297518076.9016,8973310035.658316
2023-07-16 00:00:00 UTC,1921.758020428823,232081207333.19733,4683559157.611913
2023-07-17 00:00:00 UTC,1911.910029446404,231035263746.2729,4872108387.274848
2023-07-18 00:00:00 UTC,1897.6754065093317,229772643177.76273,9491972465.89888
2023-07-19 00:00:00 UTC,1890.223518478175,227853365302.58752,7293926933.17468
2023-07-20 00:00:00 UTC,1891.3213097331673,227127167868.4293,5756685511.57786
2023-07-21 00:00:00 UTC,1891.1542741194803,227484313829.408,11113686841.200382
2023-07-22 00:00:00 UTC,1865.1498684803803,227467577018.69775,6341107424.274101
2023-07-23 00:00:00 UTC,1888.9811280992549,223308803225.0452,6024136083.969645
2023-07-24 00:00:00 UTC,1849.7015152102265,227029204642.41855,6525251063.363952
2023-07-25 00:00:00 UTC,1857.4027824203472,222344261980.83585,9406802401.15057
2023-07-26 00:00:00 UTC,1871.0393773711169,223476900309.93112,4406817716.942563
2023-07-27 00:00:00 UTC,1859.6853023304996,225550475373.73267,7297715920.646121
2023-07-28 00:00:00 UTC,1874.395360875328,224342115121.45175,6649703575.518135
2023-07-29 00:00:00 UTC,1881.1697683232703,226562030262.1201,4796563516.278219
2023-07-30 00:00:00 UTC,1861.6791445091364,227472975106.9912,2283736259.1820436
2023-07-31 00:00:00 UTC,1855.8625668564011,223761542647.7592,5738785446.714015
2023-08-01 00:00:00 UTC,1877.059240828072,223037743825.5855,6107257569.282966
2023-08-02 00:00:00 UTC,1839.0847613102255,226160557882.4594,10316106066.50533
2023-08-03 00:00:00 UTC,1834.9054606641175,223118386801.57785,8219393355.514999
2023-08-04 00:00:00 UTC,1828.6091731897468,220768212248.9121,5916885398.125648
2023-08-05 00:00:00 UTC,1835.136709537035,219476177802.6977,5664373887.862146
2023-08-06 00:00:00 UTC,1827.3018849949344,220487019493.58868,2943324520.827829
2023-08-07 00:00:00 UTC,1828.1976164914213,219533986979.75125,3255923258.700265
2023-08-08 00:00:00 UTC,1856.3023579541916,219422824381.9936,7661857607.159726
2023-08-09 00:00:00 UTC,1855.3785190370904,223111331723.6391,7519696452.27309
2023-08-10 00:00:00 UTC,1851.0318055573816,222992437544.13272,6024363545.834761
2023-08-11 00:00:00 UTC,1847.406483110888,222411268370.8958,4385664515.411547
2023-08-12 00:00:00 UTC,1848.5585471619895,222019374228.7649,3662406412.9895496
2023-08-13 00:00:00 UTC,1839.4215212655336,222069758272.72745,2224705527.814498
2023-08-14 00:00:00 UTC,1844.1148238289236,220948326523.33356,3663331728.639716
2023-08-15 00:00:00 UTC,1826.4394800462132,221564238004.3088,4858176668.213169
2023-08-16 00:00:00 UTC,1805.719307255188,219472776850.51175,4505461541.4073105
2023-08-17 00:00:00 UTC,1683.0413812075824,217444475880.3843,5703852673.158826
2023-08-18 00:00:00 UTC,1661.1961534376635,201482976932.07773,20938620290.009094
2023-08-19 00:00:00 UTC,1669.126413553728,199322878932.42487,15728922153.803043
2023-08-20 00:00:00 UTC,1685.2894186361896,200676423059.4708,8220555433.24919
2023-08-21 00:00:00 UTC,1667.5065211347494,202267391138.31247,5098270016.829585
2023-08-22 00:00:00 UTC,1633.6945048338057,200439393151.86392,7321820265.449167
2023-08-23 00:00:00 UTC,1677.8338048690136,196541301460.12344,9833195094.135988
2023-08-24 00:00:00 UTC,1658.4367102734811,201763902449.85114,10734495576.782463
2023-08-25 00:00:00 UTC,1653.158533112001,199312028651.9731,6449941202.469298
2023-08-26 00:00:00 UTC,1646.0009514261374,198709215180.56833,7019683067.686507
2023-08-27 00:00:00 UTC,1657.1062095163425,197789939427.44345,2053803021.60402
2023-08-28 00:00:00 UTC,1652.7221977529011,199218285099.95883,2736695817.4909954
2023-08-29 00:00:00 UTC,1729.904099184807,198642500829.7732,4756011087.207872
2023-08-30 00:00:00 UTC,1705.4575615677152,207951006604.4229,13280632430.360909
2023-08-31 00:00:00 UTC,1645.4498355573992,205067943948.6809,7455010172.719437
2023-09-01 00:00:00 UTC,1628.908950990818,197803774139.33783,11129862670.136597
2023-09-02 00:00:00 UTC,1637.095703767827,195795971972.32657,9222258060.789282
2023-09-03 00:00:00 UTC,1635.6380226307274,196740112479.6953,3955822608.1353273
2023-09-04 00:00:00 UTC,1628.9078773649364,196612298871.42145,4537245100.712269
2023-09-05 00:00:00 UTC,1633.113419999532,195725018396.24792,5901459076.903839
2023-09-06 00:00:00 UTC,1632.3581801078326,196210323898.26404,6243293111.734983
2023-09-07 00:00:00 UTC,1646.6413967397525,196288430172.8556,7078728727.601863
2023-09-08 00:00:00 UTC,1636.4492827397626,197814700367.66592,6932345428.433767
2023-09-09 00:00:00 UTC,1634.4519855463425,196732087833.17072,7027738445.562539
2023-09-10 00:00:00 UTC,1616.97794359621,196524550291.2688,1909849003.3567967
2023-09-11 00:00:00 UTC,1552.2002090150374,194563248123.9965,6710211559.065708
2023-09-12 00:00:00 UTC,1593.0069499467456,186283839916.62595,12579080232.793505
2023-09-13 00:00:00 UTC,1607.7052659799713,191687080858.3302,11277651886.562412
2023-09-14 00:00:00 UTC,1626.6608681672697,193243620018.56183,7821151370.700736
2023-09-15 00:00:00 UTC,1641.0532792708805,195463813946.39197,8345778711.055032
2023-09-16 00:00:00 UTC,1634.0877817163307,197321595722.872,6894123443.938377
2023-09-17 00:00:00 UTC,1623.5475901625268,196489101206.889,4247090004.805997
2023-09-18 00:00:00 UTC,1637.6115663351302,194894815433.2932,4548279675.165527
2023-09-19 00:00:00 UTC,1643.2500244246864,196866517080.99243,9943527766.02352
2023-09-20 00:00:00 UTC,1622.438799586948,197579394306.666,7085152457.7257
2023-09-21 00:00:00 UTC,1584.0434481375894,195238284476.48944,8925220082.733564
2023-09-22 00:00:00 UTC,1593.280311216829,190533550315.61185,8655065739.56682
2023-09-23 00:00:00 UTC,1593.5258835410875,191505207179.78543,4904936627.755842
2023-09-24 00:00:00 UTC,1580.0122396381123,191463785607.09103,2732871460.5358853
2023-09-25 00:00:00 UTC,1588.4226057107237,190070798894.62375,3987300938.708672
2023-09-26 00:00:00 UTC,1593.833439265714,190754565038.93527,5631648032.5131445
2023-09-27 00:00:00 UTC,1597.7136571922938,191614654068.4459,4829234922.58076
2023-09-28 00:00:00 UTC,1653.47694520991,192175393181.7551,7044564056.10961
2023-09-29 00:00:00 UTC,1667.7352703098104,198707180238.3852,13244454966.346085
2023-09-30 00:00:00 UTC,1670.9946358420427,200591326138.499,10877482055.511314
2023-10-01 00:00:00 UTC,1734.2854524320642,200867042112.70465,5375047657.012898
2023-10-02 00:00:00 UTC,1661.9410947801036,208616290407.59848,8671357781.555939
2023-10-03 00:00:00 UTC,1656.8045892353707,200172602294.2138,14706044020.656292
2023-10-04 00:00:00 UTC,1647.3278975443168,199352909263.54996,7309397281.595283
2023-10-05 00:00:00 UTC,1611.2945148951726,198232748756.17667,8245297929.328055
2023-10-06 00:00:00 UTC,1646.1255576582123,193905617404.47992,8691939702.478195
2023-10-07 00:00:00 UTC,1634.481206829056,197904394911.01013,8246620518.398719
2023-10-08 00:00:00 UTC,1633.356705960541,196552291634.25327,3756974850.917118
2023-10-09 00:00:00 UTC,1579.6086151978843,196420396270.57187,5071441810.629695
2023-10-10 00:00:00 UTC,1567.3648459270544,190023356509.71805,10411054768.566298
2023-10-11 00:00:00 UTC,1566.9965808301895,188607402750.23563,8410623372.591795
2023-10-12 00:00:00 UTC,1539.8933051394145,188207961818.06888,8014349288.538754
2023-10-13 00:00:00 UTC,1552.2856124756854,184813440031.8553,8819881636.248419
2023-10-14 00:00:00 UTC,1555.2227151091338,186499171781.44952,7334793438.908566
2023-10-15 00:00:00 UTC,1558.4343888152312,187282206956.7056,3377860583.2353153
2023-10-16 00:00:00 UTC,1600.386014657361,187396158882.85187,4144991142.7120895
2023-10-17 00:00:00 UTC,1565.02004931871,192317986892.35892,15117692433.88386
2023-10-18 00:00:00 UTC,1563.7047320807794,188245637231.07703,7630105349.61881
2023-10-19 00:00:00 UTC,1568.1548399596184,188182177984.6937,6917309368.311444
2023-10-20 00:00:00 UTC,1604.6360628106447,188300682203.6159,8150572072.902303
2023-10-21 00:00:00 UTC,1629.270593657293,192964601205.1603,10914305476.766632
2023-10-22 00:00:00 UTC,1663.1608430643694,195866648537.69147,6815624770.489042
2023-10-23 00:00:00 UTC,1769.1619147675628,197491207720.22275,8344083358.393167
2023-10-24 00:00:00 UTC,1785.2669949072924,212429331264.2613,23460245562.088978
2023-10-25 00:00:00 UTC,1787.2927821519538,214740097898.5592,27549515526.02737
2023-10-26 00:00:00 UTC,1802.834092668608,214935538924.01108,15716190162.703363
2023-10-27 00:00:00 UTC,1780.8889670789797,216929448206.0804,19771199915.89535
2023-10-28 00:00:00 UTC,1776.1073361780077,214351226094.45343,12583273859.90179
2023-10-29 00:00:00 UTC,1796.7359917952822,213698048381.15945,5413276977.853542
2023-10-30 00:00:00 UTC,1809.528990660523,215950565096.1834,6933265188.255149
2023-10-31 00:00:00 UTC,1816.6150561458755,217544224998.03268,12597409296.294071
2023-11-01 00:00:00 UTC,1846.4973537930975,218052557576.0985,10722996472.559832
2023-11-02 00:00:00 UTC,1801.0714055012602,222024443887.90033,18101645505.363316
2023-11-03 00:00:00 UTC,1832.273408909521,216775540617.1553,12443355960.242422
2023-11-04 00:00:00 UTC,1857.0676340615569,220418913057.4458,13000301163.189093
2023-11-05 00:00:00 UTC,1893.3136057098748,223507407757.97437,8666152791.390926
2023-11-06 00:00:00 UTC,1900.8306121030655,227703485072.05728,12877973655.161148
2023-11-07 00:00:00 UTC,1887.8784739090988,228021051988.9896,12512085660.561062
2023-11-08 00:00:00 UTC,1887.797756275145,226838264619.02615,15801190664.163635
2023-11-09 00:00:00 UTC,2120.8504819190903,227339109898.11093,11445441112.644526
2023-11-10 00:00:00 UTC,2077.9489762149237,255166109179.8148,43762061137.4616
2023-11-11 00:00:00 UTC,2053.595861063656,250188481452.51233,25554523764.76612
2023-11-12 00:00:00 UTC,2045.427373217963,246828307403.76895,14419181310.366531
2023-11-13 00:00:00 UTC,2055.5882802606484,246086372437.43423,10591439664.519344
2023-11-14 00:00:00 UTC,1978.5741003746057,248110456054.52948,21900766281.84431
2023-11-15 00:00:00 UTC,2060.8841666238086,238322049371.8137,21563799540.004597
2023-11-16 00:00:00 UTC,1959.256967930386,247252247163.20584,22352630358.559444
2023-11-17 00:00:00 UTC,1962.6581500942752,235856745340.77872,23904450683.052387
2023-11-18 00:00:00 UTC,1962.8008524681445,235552986140.5357,21159831158.496357
2023-11-19 00:00:00 UTC,2010.9645744426712,236086751710.85895,13033099429.999142
2023-11-20 00:00:00 UTC,2021.92838036924,242034207822.1622,11386697342.893888
2023-11-21 00:00:00 UTC,1940.081758338386,243006229904.03055,19479583557.259243
2023-11-22 00:00:00 UTC,2063.8713883367864,232343888685.87665,20783081659.501015
2023-11-23 00:00:00 UTC,2063.15026932514,248555178589.68716,25028849750.054417
2023-11-24 00:00:00 UTC,2081.04075769767,247876188093.7795,13408073535.492174
2023-11-25 00:00:00 UTC,2084.5750620832714,250091072371.2108,20391935773.57494
2023-11-26 00:00:00 UTC,2062.865078487001,250789193104.93497,6425532658.945146
2023-11-27 00:00:00 UTC,2027.218232364721,248377596959.2049,11926011749.793415
2023-11-28 00:00:00 UTC,2050.16828955328,243720423942.89383,19055486692.33958
2023-11-29 00:00:00 UTC,2029.3696675209835,246262800348.0733,16764812884.936909
2023-11-30 00:00:00 UTC,2052.537164307749,244001473817.2662,13047123815.42274
2023-12-01 00:00:00 UTC,2087.3467703622987,246848217845.1464,10699240750.764112
2023-12-02 00:00:00 UTC,2165.687323660676,250640652575.9316,19953223325.96533
2023-12-03 00:00:00 UTC,2195.431886891632,260240551667.01883,14437295030.616972
2023-12-04 00:00:00 UTC,2244.3476012460765,263980793708.9081,13197046143.446217
2023-12-05 00:00:00 UTC,2293.7634480531447,269584983992.8464,30139803993.733486
2023-12-06 00:00:00 UTC,2231.8488404525574,275703016277.70374,28577398204.685127
2023-12-07 00:00:00 UTC,2357.2815687967463,268795534917.09488,21101917098.843716
2023-12-08 00:00:00 UTC,2358.072243861438,283213143190.7205,25457524876.03695
2023-12-09 00:00:00 UTC,2340.316214888125,283054038646.35785,20653677952.240543
2023-12-10 00:00:00 UTC,2352.9455914103723,281067496144.66614,15588553340.971666
2023-12-11 00:00:00 UTC,2225.35671853969,282862984183.81824,10989599736.512966
2023-12-12 00:00:00 UTC,2201.636523315447,267489294705.5317,18632734937.43477
2023-12-13 00:00:00 UTC,2258.637554794146,264706953102.87967,11821921884.00053
2023-12-14 00:00:00 UTC,2314.3641515507193,271723137865.98737,14985791939.400677
2023-12-15 00:00:00 UTC,2217.281889718784,278468385078.2856,18571559719.123047
2023-12-16 00:00:00 UTC,2227.254780499654,267126085639.7962,14818612217.04726
2023-12-17 00:00:00 UTC,2195.741278976724,267401843617.0704,6668236253.315212
2023-12-18 00:00:00 UTC,2216.067455065684,264433892856.22263,8623914956.331617
2023-12-19 00:00:00 UTC,2178.307059507538,266320508900.2563,13918262265.694977
2023-12-20 00:00:00 UTC,2201.666307437379,261622480885.4028,15219058823.378475
2023-12-21 00:00:00 UTC,2237.6994570388374,264119934496.6169,18965650829.026333
2023-12-22 00:00:00 UTC,2325.968254060335,268661930922.998,19481989108.90156
2023-12-23 00:00:00 UTC,2308.6746850342433,279870641392.9921,23684586269.79017
2023-12-24 00:00:00 UTC,2265.370889614475,278079278701.17706,9936463251.309528
2023-12-25 00:00:00 UTC,2271.357103313374,272067028578.05753,12726563964.40338
2023-12-26 00:00:00 UTC,2231.4907077795483,273465660867.21103,11064407299.033913
2023-12-27 00:00:00 UTC,2379.934269524202,268089393468.35114,15616863032.719814
2023-12-28 00:00:00 UTC,2345.044676573162,285529301721.8697,21237678217.79652
2023-12-29 00:00:00 UTC,2300.855863182609,282759891474.44507,27599472493.81286
2023-12-30 00:00:00 UTC,2292.4279356060324,275996795853.5979,18174993712.19798
2023-12-31 00:00:00 UTC,2281.6742859295978,275712397143.1602,10393242639.285648
2024-01-01 00:00:00 UTC,2350.085294950776,274292310008.218,6759497053.429991
2024-01-02 00:00:00 UTC,2356.163473067163,282101525979.4972,9171628036.840897
2024-01-03 00:00:00 UTC,2210.7594249547483,282763246110.9591,20469641342.89195
2024-01-04 00:00:00 UTC,2269.9165540678027,265547288684.8233,25305500076.91334
2024-01-05 00:00:00 UTC,2266.7776290853494,273109328387.3609,18370771876.17329
2024-01-06 00:00:00 UTC,2242.821756964071,271936377917.22253,18707607417.299316
2024-01-07 00:00:00 UTC,2222.972370495866,269489631471.8874,8740723204.42216
2024-01-08 00:00:00 UTC,2333.5855494576585,266240104433.8105,10311839861.702309
2024-01-09 00:00:00 UTC,2344.8384843284516,280460085895.865,26036907701.97663
2024-01-10 00:00:00 UTC,2581.69942590164,281144258787.4874,28513962045.734215
2024-01-11 00:00:00 UTC,2619.033100193127,310821894359.1542,44165318123.407906
2024-01-12 00:00:00 UTC,2521.938788611485,315246203688.67664,40787244431.96943
2024-01-13 00:00:00 UTC,2577.5308138752603,302053601477.7291,45584702225.70146
2024-01-14 00:00:00 UTC,2475.1191894020144,309464480794.1958,18349323803.59003
2024-01-15 00:00:00 UTC,2510.5458019794187,298600912656.6915,12547555356.572966
2024-01-16 00:00:00 UTC,2588.765271230386,302747945005.6386,17160013956.554216
2024-01-17 00:00:00 UTC,2529.58504762201,311194334965.7176,18610293161.277912
2024-01-18 00:00:00 UTC,2467.5277897669325,303773198603.9342,13829616740.077509
2024-01-19 00:00:00 UTC,2490.6457726081267,296507244528.1167,14934155027.6091
2024-01-20 00:00:00 UTC,2469.2622265286227,299319181881.9568,13464724119.793264
2024-01-21 00:00:00 UTC,2453.8473709584323,296860256191.2496,5264331657.20374
2024-01-22 00:00:00 UTC,2311.962844455903,295225509771.24744,4365746489.001828
2024-01-23 00:00:00 UTC,2241.557377409265,277803770131.5404,15291284154.6824
2024-01-24 00:00:00 UTC,2233.0811088766286,269468754059.86703,17647486168.066246
2024-01-25 00:00:00 UTC,2217.3460805976865,268773564276.82663,10615949360.73465
2024-01-26 00:00:00 UTC,2265.154140631012,266831912453.99655,9997005776.928204
2024-01-27 00:00:00 UTC,2267.222921620393,272646604013.06223,10864425705.42124
2024-01-28 00:00:00 UTC,2251.1700388590543,272602728638.30304,4872530851.801987
2024-01-29 00:00:00 UTC,2316.964788822798,271326509315.83698,6905907415.681955
2024-01-30 00:00:00 UTC,2346.160746177185,278333996261.6204,9039968458.055494
2024-01-31 00:00:00 UTC,2285.201950309228,281132447253.58405,11004115171.498638
2024-02-01 00:00:00 UTC,2303.376184340526,274175819415.62207,11831800505.242355
2024-02-02 00:00:00 UTC,2307.461628013455,276594158634.78186,9524433078.647264
2024-02-03 00:00:00 UTC,2295.744174863682,277280144884.45764,7652527069.261351
2024-02-04 00:00:00 UTC,2288.768952787166,275659236415.4575,4603354593.734529
2024-02-05 00:00:00 UTC,2298.5691938974583,275036393714.7881,5689272546.703765
2024-02-06 00:00:00 UTC,2372.071931107839,276235426059.15094,8210337462.622094
2024-02-07 00:00:00 UTC,2425.6962953746533,285135262492.3447,10648320087.242855
2024-02-08 00:00:00 UTC,2419.2941659816597,291577099200.45905,10541677632.375584
2024-02-09 00:00:00 UTC,2488.375408514044,291262614487.10425,10982359200.999216
2024-02-10 00:00:00 UTC,2501.1935478590503,299195541764.75714,15781183648.8944
2024-02-11 00:00:00 UTC,2508.0132939688183,300386801746.03735,6611212817.456369
2024-02-12 00:00:00 UTC,2662.191837873944,300920593632.2626,7970135134.457288
2024-02-13 00:00:00 UTC,2642.4235346881915,319374173304.98737,15002798568.588491
2024-02-14 00:00:00 UTC,2780.175964122625,317202178157.9689,20278950349.784138
2024-02-15 00:00:00 UTC,2823.1911112928733,334517950729.3397,23410670548.45824
2024-02-16 00:00:00 UTC,2804.7611015222183,339786694521.5841,18226034140.08124
2024-02-17 00:00:00 UTC,2786.719227970603,337106579110.5775,18383920952.46612
2024-02-18 00:00:00 UTC,2875.4867039031956,335189522076.6866,18375729402.26832
2024-02-19 00:00:00 UTC,2943.8879010624487,345342293610.9262,24290624622.979595
2024-02-20 00:00:00 UTC,3014.7991384926786,353799552082.8669,16351741374.967283
2024-02-21 00:00:00 UTC,2975.243657783617,362259530911.22736,22328870594.70664
2024-02-22 00:00:00 UTC,2972.363341727558,358396919523.1304,21233833959.972267
2024-02-23 00:00:00 UTC,2920.215621272947,357231363983.11096,20468000694.688236
2024-02-24 00:00:00 UTC,2991.054035369476,351923786349.8605,14141188521.350151
2024-02-25 00:00:00 UTC,3111.6352776845724,358958857165.6327,11489629739.17732
2024-02-26 00:00:00 UTC,3179.535805655252,374096903874.8583,15833263545.118216
2024-02-27 00:00:00 UTC,3243.7315393053245,381834357172.4641,20098611264.97115
2024-02-28 00:00:00 UTC,3380.3803968147085,389432101336.1533,23719071115.076195
2024-02-29 00:00:00 UTC,3341.830904067848,404949329424.75433,38127048103.663475
2024-03-01 00:00:00 UTC,3433.1098603099417,403025040377.09424,31656826650.664703
2024-03-02 00:00:00 UTC,3420.629403882245,412460972837.4964,18697458729.00798
2024-03-03 00:00:00 UTC,3491.7813462862696,411127183431.9037,13408232053.228275
2024-03-04 00:00:00 UTC,3633.773410846455,418233465071.6696,15577849313.90076
2024-03-05 00:00:00 UTC,3553.6761928848873,436264151585.7691,30203064581.869003
2024-03-06 00:00:00 UTC,3821.6346971620346,430091528234.3316,55618831522.75556
2024-03-07 00:00:00 UTC,3865.9665025593526,458288266056.3263,39653156866.4456
2024-03-08 00:00:00 UTC,3893.961784581294,464203366204.0903,25386517808.937305
2024-03-09 00:00:00 UTC,3914.679804597143,467263068859.23145,27992603414.191612
2024-03-10 00:00:00 UTC,3887.882200709111,470299637817.7936,11809650493.695583
2024-03-11 00:00:00 UTC,4067.354793577319,466687383451.4314,16091669379.327995
2024-03-12 00:00:00 UTC,3979.4620813223696,488931556413.2426,32056598571.229145
2024-03-13 00:00:00 UTC,4005.8534214279766,477767797937.9273,30005178515.70944
2024-03-14 00:00:00 UTC,3878.5812788179646,481107882228.2648,24480706672.786697
2024-03-15 00:00:00 UTC,3740.49789513796,465517630856.3542,27293615352.17707
2024-03-16 00:00:00 UTC,3517.7680904566787,449221029692.6131,38888257426.28843
2024-03-17 00:00:00 UTC,3643.769683589522,422006707853.2583,20373248653.81848
2024-03-18 00:00:00 UTC,3519.201972721143,437397993876.3647,22260278630.55044
2024-03-19 00:00:00 UTC,3159.0001380865656,422563281408.63617,24144044692.96293
2024-03-20 00:00:00 UTC,3514.8238159021225,381561860658.1416,37077773743.31066
2024-03-21 00:00:00 UTC,3492.1467857337375,422045742523.0592,41146035580.110176
2024-03-22 00:00:00 UTC,3327.7215198964136,419250201097.8779,24471936638.156097
2024-03-23 00:00:00 UTC,3333.9974799631805,398004903397.5174,22255456171.5815
2024-03-24 00:00:00 UTC,3451.964050555729,402787267255.3501,13930345038.938776
2024-03-25 00:00:00 UTC,3589.303685005174,415227254119.21,12717607625.126171
2024-03-26 00:00:00 UTC,3587.141444855245,429834400084.3752,19764923922.200024
2024-03-27 00:00:00 UTC,3503.877140974309,430639202176.35944,20059859869.584023
2024-03-28 00:00:00 UTC,3561.580381088058,419542828392.9917,20424263899.281956
2024-03-29 00:00:00 UTC,3514.212871484661,427693419735.539,17209989047.559055
2024-03-30 00:00:00 UTC,3507.250656800459,421941634405.2546,13648648793.299557
2024-03-31 00:00:00 UTC,3649.639857915087,420903294887.95514,10409507046.994692
2024-04-01 00:00:00 UTC,3503.9820833981735,437984525834.2056,10432608642.34224
2024-04-02 00:00:00 UTC,3276.0296994644086,421860021837.67065,17463009869.79735
2024-04-03 00:00:00 UTC,3310.1636336673123,393781420276.9656,23632717272.292645
2024-04-04 00:00:00 UTC,3332.4333014575564,398415781571.0026,16719059422.114971
2024-04-05 00:00:00 UTC,3319.3754615044927,400119992087.0368,14966838174.79407
2024-04-06 00:00:00 UTC,3355.711481104543,399471237820.5192,16256617459.934774
2024-04-07 00:00:00 UTC,3452.7735089025846,403433979836.3418,8819165608.514069
2024-04-08 00:00:00 UTC,3694.469215915585,414573087352.56775,9555618360.300076
2024-04-09 00:00:00 UTC,3503.75504620969,443574943819.1214,17955583625.187386
2024-04-10 00:00:00 UTC,3543.6024329191114,421250062703.5877,17194970140.61286
2024-04-11 00:00:00 UTC,3504.1159729100136,425100745638.6984,18445454426.360256
2024-04-12 00:00:00 UTC,3242.6269305459964,421184318805.19366,14874842021.902147
2024-04-13 00:00:00 UTC,3006.368322716297,389342347417.11646,19297032520.33576
2024-04-14 00:00:00 UTC,3154.1622957587483,363676686678.5162,31080922364.568604
2024-04-15 00:00:00 UTC,3101.3974220476584,379419782687.94165,26060170904.179497
2024-04-16 00:00:00 UTC,3086.888202623396,372249695864.1781,22937767637.9802
2024-04-17 00:00:00 UTC,2982.7352331898023,370234131392.0656,19648556512.158375
2024-04-18 00:00:00 UTC,3066.621923599688,358157898515.81726,18312985533.083836
2024-04-19 00:00:00 UTC,3057.910434969061,368394773234.49,15701850306.5433
2024-04-20 00:00:00 UTC,3157.0807579770094,368924952677.7875,21378166947.078472
2024-04-21 00:00:00 UTC,3146.6520214421707,378601475454.5042,9853940771.970213
2024-04-22 00:00:00 UTC,3200.8170529979875,377835271557.1954,9079789063.285242
2024-04-23 00:00:00 UTC,3220.0749621633627,384466906716.16833,11922339528.08236
2024-04-24 00:00:00 UTC,3139.076000241789,392775107740.5133,11078613881.114307
2024-04-25 00:00:00 UTC,3156.8200325409025,383068563917.3423,13884477525.83845
2024-04-26 00:00:00 UTC,3130.3663208762,385284000942.9946,14816216738.95212
2024-04-27 00:00:00 UTC,3251.477368240025,382052504799.32104,11235995298.725164
2024-04-28 00:00:00 UTC,3263.7647912079774,397162781507.14,12750408989.4726
2024-04-29 00:00:00 UTC,3215.3982871878625,398637824441.876,11814096943.176624
2024-04-30 00:00:00 UTC,3010.0077514604686,392350038771.6116,15479201586.903387
2024-05-01 00:00:00 UTC,2973.682317745508,368786372970.944,19469575794.26027
2024-05-02 00:00:00 UTC,2986.5231112758065,364276973974.7534,21508731031.899784
2024-05-03 00:00:00 UTC,3103.576801999842,358656461888.6501,14092893272.478489
2024-05-04 00:00:00 UTC,3117.9592287155183,373187731785.7064,13737304217.109974
2024-05-05 00:00:00 UTC,3137.4209501543787,374188248701.176,8416254149.421496
2024-05-06 00:00:00 UTC,3063.761129081596,376477227799.9195,8067711594.146328
2024-05-07 00:00:00 UTC,3008.7911946805702,367818735478.679,13031469042.754295
2024-05-08 00:00:00 UTC,2973.587887512861,361469152423.6536,10614916009.826937
2024-05-09 00:00:00 UTC,3035.802992145666,357038251698.12964,11612635318.666117
2024-05-10 00:00:00 UTC,2907.644843006391,364426702625.022,10924701495.675907
2024-05-11 00:00:00 UTC,2911.3432326561447,349622946794.7746,12575171841.00394
2024-05-12 00:00:00 UTC,2928.7464865433876,349391330491.6799,6556815163.303682
2024-05-13 00:00:00 UTC,2949.0375795128843,352120009302.884,5318690182.660262
2024-05-14 00:00:00 UTC,2880.7804381289125,354155572145.7024,13846057320.338428
2024-05-15 00:00:00 UTC,3036.399634636318,346305956691.41315,11559202830.95397
2024-05-16 00:00:00 UTC,2944.041952267699,365225903815.16327,13669721819.658916
2024-05-17 00:00:00 UTC,3095.3941362143387,353501038738.847,11695877540.63454
2024-05-18 00:00:00 UTC,3122.66312550049,371220670629.6318,12810719394.590498
2024-05-19 00:00:00 UTC,3071.8582751642357,375101375109.0042,8365784418.691736
2024-05-20 00:00:00 UTC,3661.564171333472,368598090418.054,7652642562.2733135
2024-05-21 00:00:00 UTC,3788.6249070184817,439851083326.44226,29322772648.15834
2024-05-22 00:00:00 UTC,3738.139599374289,455765526085.79254,36970471557.0211
2024-05-23 00:00:00 UTC,3777.1728728086687,449694006822.5555,23734290530.00972
2024-05-24 00:00:00 UTC,3726.5270874267926,451934122188.91656,47037674121.00918
2024-05-25 00:00:00 UTC,3751.230321902824,447600344544.24176,20434794023.278954
2024-05-26 00:00:00 UTC,3824.530186341106,450038598582.0329,8288155418.201578
2024-05-27 00:00:00 UTC,3893.775673127172,459615845532.94006,13317653813.982216
2024-05-28 00:00:00 UTC,3840.9940842024857,467614044547.03687,15361294853.24615
2024-05-29 00:00:00 UTC,3763.475900660375,461237103392.1683,17975292488.161823
2024-05-30 00:00:00 UTC,3747.642334107952,452762636814.4171,15120867019.87076
2024-05-31 00:00:00 UTC,3760.159392601333,450215609802.7726,13340199106.155563
2024-06-01 00:00:00 UTC,3814.260571646271,452758719430.444,12148767895.475689
2024-06-02 00:00:00 UTC,3780.7874399261345,458176483078.9031,7189637091.44819
2024-06-03 00:00:00 UTC,3766.8594716412695,454304865087.93256,9730729748.700563
2024-06-04 00:00:00 UTC,3810.788904405213,452084974218.36816,10827515370.833054
2024-06-05 00:00:00 UTC,3863.406279902557,458132490211.608,11726759461.221617
2024-06-06 00:00:00 UTC,3812.0377994069945,464211497547.6711,12887704393.6293
2024-06-07 00:00:00 UTC,3678.1256843787687,458058824868.5632,11721653337.155088
2024-06-08 00:00:00 UTC,3682.0198377212705,442056588562.9977,15954928049.942688
2024-06-09 00:00:00 UTC,3705.988099499812,442391279529.5943,7411597579.460088
2024-06-10 00:00:00 UTC,3667.696100043603,445279455295.41705,6317090934.268891
2024-06-11 00:00:00 UTC,3497.471597142952,440506095151.8904,8738318175.296377
2024-06-12 00:00:00 UTC,3560.1460352456793,420251663393.7583,19188416218.468388
2024-06-13 00:00:00 UTC,3470.3292540485068,427834174694.1308,16815535148.806131
2024-06-14 00:00:00 UTC,3479.890615573442,417151499335.3688,14000222916.648344
2024-06-15 00:00:00 UTC,3565.5874639991907,418279823088.9498,13981188305.769754
2024-06-16 00:00:00 UTC,3620.712463754385,428318893969.5867,12307487700.44741
2024-06-17 00:00:00 UTC,3509.8628752731047,434773902047.7907,8726849380.13702
2024-06-18 00:00:00 UTC,3481.4923714611555,421162133590.2395,17392453265.114006
2024-06-19 00:00:00 UTC,3558.2592222061876,424951660073.25385,20965239472.037407
2024-06-20 00:00:00 UTC,3510.0230356235097,434492651441.09186,15105288029.665146
2024-06-21 00:00:00 UTC,3517.540038594337,429570574514.96106,15627572642.29789
2024-06-22 00:00:00 UTC,3495.375278579718,430070452526.121,16049293199.373203
2024-06-23 00:00:00 UTC,3418.5949421644173,427271533995.02954,6313272904.393493
2024-06-24 00:00:00 UTC,3349.456707376081,418002114768.76056,8760893160.882236
2024-06-25 00:00:00 UTC,3395.880538956516,402843439308.6059,23450094772.68551
2024-06-26 00:00:00 UTC,3369.44982437908,407935619100.4282,13064129438.077198
2024-06-27 00:00:00 UTC,3444.5850190633964,404420889593.2137,10079334530.870272
2024-06-28 00:00:00 UTC,3373.607748988524,413911406152.8098,11124970969.46816
2024-06-29 00:00:00 UTC,3372.9961510714265,405590219265.00946,12068217734.802237
2024-06-30 00:00:00 UTC,3432.9480191421785,405186539487.579,5517134509.40435
2024-07-01 00:00:00 UTC,3441.0957866746658,412683392973.9106,7696895745.059846
2024-07-02 00:00:00 UTC,3417.8926448977727,413087026853.5596,11844927571.819813
2024-07-03 00:00:00 UTC,3291.1167022117156,410850514007.5913,8722764212.558344
2024-07-04 00:00:00 UTC,3060.124943770415,395971730267.60034,15669484390.311274
2024-07-05 00:00:00 UTC,2979.241421106949,367008061943.9714,21334559951.780132
2024-07-06 00:00:00 UTC,3065.653525898335,358878418412.549,31684218264.684864
2024-07-07 00:00:00 UTC,2928.689083442864,368279414918.9943,9986590448.411629
2024-07-08 00:00:00 UTC,3019.4381940236212,350977454882.58325,10158788517.276772
2024-07-09 00:00:00 UTC,3064.847398206904,362949679476.64594,20815583397.7395
2024-07-10 00:00:00 UTC,3102.9340835446687,368432062437.66125,14722023940.368048
2024-07-11 00:00:00 UTC,3099.512368071146,372867773189.4008,14502514155.5892
2024-07-12 00:00:00 UTC,3133.981203878478,372589813566.3884,15063694092.20368
2024-07-13 00:00:00 UTC,3177.548538450402,376300269815.6458,10474203951.014631
2024-07-14 00:00:00 UTC,3238.354917638734,381711250543.1549,7832018005.652484
2024-07-15 00:00:00 UTC,3489.548516604077,389938342176.4333,10068778646.275295
2024-07-16 00:00:00 UTC,3441.4260626765545,419316550609.6248,18351304841.07394
2024-07-17 00:00:00 UTC,3388.2330780009866,413987841382.2538,20571088464.578377
2024-07-18 00:00:00 UTC,3426.4012909667954,407908628077.67224,16959762091.041662
2024-07-19 00:00:00 UTC,3506.056009453396,411931311033.7183,14604440541.203333
2024-07-20 00:00:00 UTC,3518.0711981191157,421512721859.9936,17608557283.6088
2024-07-21 00:00:00 UTC,3537.3777296716603,422963751879.5623,9557516582.920103
2024-07-22 00:00:00 UTC,3437.5957499447313,425147078657.22327,10888271659.269457
2024-07-23 00:00:00 UTC,3481.4556694123003,413716201586.6902,17767670533.59239
2024-07-24 00:00:00 UTC,3336.6331918931446,418568553564.9385,25303142504.113365
2024-07-25 00:00:00 UTC,3174.646967287837,401059767453.79297,15756173985.782667
2024-07-26 00:00:00 UTC,3276.3422962021987,381803415956.8384,26109915956.687126
2024-07-27 00:00:00 UTC,3243.8335892374257,394121081392.79,15282131285.001415
2024-07-28 00:00:00 UTC,3271.4137827874647,390036622675.50146,14934602339.959757
2024-07-29 00:00:00 UTC,3319.977451873444,393548430273.0107,7767012439.847712
2024-07-30 00:00:00 UTC,3277.780381740609,399183660726.8921,18583675681.88976
2024-07-31 00:00:00 UTC,3229.4148539512075,394121908351.58673,13561267944.547768
2024-08-01 00:00:00 UTC,3202.680731211816,388674907382.0424,16018734739.020365
2024-08-02 00:00:00 UTC,2986.6572500349057,385518832921.4856,20211118143.147396
2024-08-03 00:00:00 UTC,2901.9913196100615,358692716412.34814,18847408100.819298
2024-08-04 00:00:00 UTC,2690.6498649713913,349315804237.9488,17871907977.18621
2024-08-05 00:00:00 UTC,2420.0449730007927,323302919781.3408,22417554477.65413
2024-08-06 00:00:00 UTC,2464.049165590839,290645453454.94116,69839632504.18141
2024-08-07 00:00:00 UTC,2339.8108562096136,295817410931.8995,27575422439.032787
2024-08-08 00:00:00 UTC,2676.8916539792845,281457741820.7756,24943543998.567265
2024-08-09 00:00:00 UTC,2598.5412883341537,322250728206.67914,24700996415.127533
2024-08-10 00:00:00 UTC,2610.4753158208305,312952005858.79834,16863362954.6186
2024-08-11 00:00:00 UTC,2554.4119981061613,313535298563.58514,8908483580.061874
2024-08-12 00:00:00 UTC,2724.0810642137285,306960487401.17957,12971583711.141634
2024-08-13 00:00:00 UTC,2704.1069911252243,327575858714.07715,19545283948.500366
2024-08-14 00:00:00 UTC,2662.3610208218615,325236130810.2305,16456890869.060677
2024-08-15 00:00:00 UTC,2567.106349749176,320311892415.79584,15952466363.981714
2024-08-16 00:00:00 UTC,2592.1355791760575,309248689539.339,16051821262.826628
2024-08-17 00:00:00 UTC,2615.285635784573,311858488727.0739,13011454151.73371
2024-08-18 00:00:00 UTC,2611.6291946862284,314296021879.73663,5644338617.766587
2024-08-19 00:00:00 UTC,2636.9642887225064,314378342861.8098,7925342765.739647
2024-08-20 00:00:00 UTC,2572.6872627324997,317191235545.8352,11285172714.869358
2024-08-21 00:00:00 UTC,2631.654362529063,309455897151.98724,12377294891.279009
2024-08-22 00:00:00 UTC,2622.633895035826,316517437391.8781,11389208773.220783
2024-08-23 00:00:00 UTC,2764.9895497966245,315517843211.95416,10177975026.173977
2024-08-24 00:00:00 UTC,2770.2685549600924,332266390665.11646,16431016836.236834
2024-08-25 00:00:00 UTC,2747.43151817876,333248139444.85486,11234284955.313414
2024-08-26 00:00:00 UTC,2680.927936282672,330455347458.58575,8605642422.929148
2024-08-27 00:00:00 UTC,2454.9230241268274,322521422183.834,11489699071.011396
2024-08-28 00:00:00 UTC,2527.949249736833,295709917739.48224,17738093271.60413
2024-08-29 00:00:00 UTC,2527.8444247564853,304087743970.4686,21186586312.04079
2024-08-30 00:00:00 UTC,2525.375402405535,304097191607.069,13334031139.111336
2024-08-31 00:00:00 UTC,2512.319097419977,303806597431.17865,15492388383.042313
2024-09-01 00:00:00 UTC,2426.762595106475,302355893465.678,6082669700.25357
2024-09-02 00:00:00 UTC,2537.6797308405653,292181421998.1626,11171885533.72099
2024-09-03 00:00:00 UTC,2427.4835635096815,305271603617.6326,12148890946.832767
2024-09-04 00:00:00 UTC,2449.3493688011213,291549600207.6883,9012644371.229996
2024-09-05 00:00:00 UTC,2368.068565359537,294574878324.1522,16903866503.789114
2024-09-06 00:00:00 UTC,2224.471734272296,284861840755.0319,13529723100.180244
2024-09-07 00:00:00 UTC,2273.765239716006,267478074351.8422,26640340164.73976
2024-09-08 00:00:00 UTC,2298.0509279903317,273719632415.2404,9041105955.183222
2024-09-09 00:00:00 UTC,2358.8884385721244,276318726001.19415,9834066842.15148
2024-09-10 00:00:00 UTC,2389.8445487884724,283675395899.1259,15847375045.402271
2024-09-11 00:00:00 UTC,2340.790274522102,287615041649.6495,11518605477.401115
2024-09-12 00:00:00 UTC,2362.4123868902966,281655719797.4851,14859271706.246468
2024-09-13 00:00:00 UTC,2441.660068166835,284215956665.66437,11586427376.466677
2024-09-14 00:00:00 UTC,2418.8866911799496,293805942628.0062,13161706812.284754
2024-09-15 00:00:00 UTC,2317.794489229552,291014044440.45294,7235491069.591886
2024-09-16 00:00:00 UTC,2294.6928735742845,279046130486.4097,9472035293.809551
2024-09-17 00:00:00 UTC,2341.6583001898352,276116638715.32434,16581620826.015734
2024-09-18 00:00:00 UTC,2375.6650756286313,281826853330.6401,14445094025.004038
2024-09-19 00:00:00 UTC,2465.4016703951456,285924881208.0556,17798944303.38838
2024-09-20 00:00:00 UTC,2562.3186652807653,296514884614.0369,18125000979.25612
2024-09-21 00:00:00 UTC,2615.1571871552765,308043801561.32587,18665356570.67824
2024-09-22 00:00:00 UTC,2581.7342205127484,314528095901.68274,9713535354.933846
2024-09-23 00:00:00 UTC,2648.6296739955233,311031931835.5886,12547001698.504051
2024-09-24 00:00:00 UTC,2652.733203080705,318715892126.0324,19769169485.005142
2024-09-25 00:00:00 UTC,2579.6964525160624,319378684587.1068,16712191668.890892
2024-09-26 00:00:00 UTC,2632.437037978674,310502292845.7201,12506727643.4237
2024-09-27 00:00:00 UTC,2696.244854307686,316937570907.3259,16979554075.791582
2024-09-28 00:00:00 UTC,2677.4028165663344,324484582371.6874,16578397393.303864
2024-09-29 00:00:00 UTC,2658.0161859800296,322588652465.0961,9400356175.06933
2024-09-30 00:00:00 UTC,2603.548975018517,320066614477.7528,8621761483.594547
2024-10-01 00:00:00 UTC,2446.9236600935847,313214720523.868,17309192404.14398
2024-10-02 00:00:00 UTC,2365.098573119062,294525306145.4653,26349508537.24667
2024-10-03 00:00:00 UTC,2349.096215173826,284687034161.02856,20316444901.37447
2024-10-04 00:00:00 UTC,2415.910275673489,282764269525.34937,18710616084.199745
2024-10-05 00:00:00 UTC,2414.9236256601966,290622939606.4888,15219242665.007254
2024-10-06 00:00:00 UTC,2439.5746280764088,290838940777.4362,7377418955.51819
2024-10-07 00:00:00 UTC,2420.8290764871576,293436812262.325,7568561900.29083
2024-10-08 00:00:00 UTC,2438.9355649987488,291541519254.63745,16954415116.66356
2024-10-09 00:00:00 UTC,2367.4463671652793,293595127091.85754,13674609758.458876
2024-10-10 00:00:00 UTC,2384.349628271435,285001941073.883,14043189304.23528
2024-10-11 00:00:00 UTC,2437.9147474358588,287049138546.08746,14791751980.001877
2024-10-12 00:00:00 UTC,2476.3104657403633,293240687705.43677,12735433857.25536
2024-10-13 00:00:00 UTC,2467.792520733699,298114641071.6694,8706953983.761793
2024-10-14 00:00:00 UTC,2629.4066954927584,297077969822.3706,7272439122.295173
2024-10-15 00:00:00 UTC,2607.616520416858,316466185656.6878,21248015945.246086
2024-10-16 00:00:00 UTC,2611.384921039906,313664753312.1369,22071543324.214054
2024-10-17 00:00:00 UTC,2603.7318703284236,314241517146.07477,11926306603.748436
2024-10-18 00:00:00 UTC,2641.2388159430234,313459946393.20953,14166170547.071665
2024-10-19 00:00:00 UTC,2648.3630694199023,318051733322.82,16374601750.748386
2024-10-20 00:00:00 UTC,2746.1537149623127,318803098373.54645,7640919893.429578
2024-10-21 00:00:00 UTC,2664.100447780809,330695482500.00824,14236630798.63112
2024-10-22 00:00:00 UTC,2622.227459068818,320710746760.0268,17317204515.675777
2024-10-23 00:00:00 UTC,2521.7333304550684,315518300239.6516,16453093957.474344
2024-10-24 00:00:00 UTC,2534.3088640667647,303877533618.5183,19049620701.941723
2024-10-25 00:00:00 UTC,2431.815887422691,305174873166.74,16532039095.429323
2024-10-26 00:00:00 UTC,2479.5449221095187,292759929691.15607,24265323437.521385
2024-10-27 00:00:00 UTC,2505.894827114166,298597298087.5126,13036233533.45436
2024-10-28 00:00:00 UTC,2567.0887533496343,301722760459.6057,8740759923.83711
2024-10-29 00:00:00 UTC,2636.5329745855565,309042397415.9422,19477820611.31312
2024-10-30 00:00:00 UTC,2657.357896177629,317408317728.54376,22657035457.68686
2024-10-31 00:00:00 UTC,2514.0979111251368,319814688356.11865,22729485686.10428
2024-11-01 00:00:00 UTC,2511.971171522551,302680709433.90295,20252274796.25541
2024-11-02 00:00:00 UTC,2492.6038745902147,302566131772.349,20440709974.560833
2024-11-03 00:00:00 UTC,2455.093450798762,299979856114.616,8537043651.436024
2024-11-04 00:00:00 UTC,2396.7657871657066,295784682876.6126,15320037857.59531
2024-11-05 00:00:00 UTC,2425.117599641775,288424847528.5966,17033354033.482803
2024-11-06 00:00:00 UTC,2722.3647706588167,291807798292.91425,16464768481.047882
2024-11-07 00:00:00 UTC,2894.3400636723036,327597280523.6498,45142918035.67744
2024-11-08 00:00:00 UTC,2961.6917414179966,348483799975.6986,36968025488.661
2024-11-09 00:00:00 UTC,3132.3373645613,356647326514.91266,33659180744.34168
2024-11-10 00:00:00 UTC,3190.0512029257848,377380325974.4561,30438727033.974827
2024-11-11 00:00:00 UTC,3380.21628632389,384434623602.2359,49345179584.69245
2024-11-12 00:00:00 UTC,3248.616504172069,407290900947.3416,62315089166.17692
2024-11-13 00:00:00 UTC,3194.053506791046,392288548977.1658,60880582416.6736
2024-11-14 00:00:00 UTC,3059.674180791464,384174445566.6122,66086516089.421875
2024-11-15 00:00:00 UTC,3092.3845516983883,367581438214.757,36865165526.19631
2024-11-16 00:00:00 UTC,3133.186643256793,372754213297.68134,32659975492.340626
2024-11-17 00:00:00 UTC,3076.9471176438037,377369457865.3127,26379555996.922905
2024-11-18 00:00:00 UTC,3206.3975238220905,370605722181.7836,28277898881.231236
2024-11-19 00:00:00 UTC,3113.224460012159,386161053574.8464,36867839281.5741
2024-11-20 00:00:00 UTC,3074.4734675829923,374966114244.7672,31144943952.21104
2024-11-21 00:00:00 UTC,3360.4659609051787,370310058653.7259,29087997374.141064
2024-11-22 00:00:00 UTC,3332.5200601751076,405202448613.7676,55941915546.45322
2024-11-23 00:00:00 UTC,3398.5165710962115,401262251055.47034,39086172541.253876
2024-11-24 00:00:00 UTC,3368.6323533732234,409433691135.03674,41936611637.93323
2024-11-25 00:00:00 UTC,3414.0363529260226,405567867015.8229,29967798401.705563
2024-11-26 00:00:00 UTC,3326.4793465710977,411364233889.9731,51412699408.766525
2024-11-27 00:00:00 UTC,3654.15117065637,400464245362.0208,42583383606.341095
2024-11-28 00:00:00 UTC,3578.871065843709,440519345358.2115,48537004069.7162
2024-11-29 00:00:00 UTC,3597.2550250894155,431056119697.9592,33268001261.53969
2024-11-30 00:00:00 UTC,3706.868153295155,433328890577.9867,29006698560.917088
2024-12-01 00:00:00 UTC,3708.327223849159,446594239566.45154,32268413877.93876
2024-12-02 00:00:00 UTC,3645.0922896027582,446540073484.9221,29651276459.209816
2024-12-03 00:00:00 UTC,3619.658441871688,439048176633.25146,48602030487.15269
2024-12-04 00:00:00 UTC,3837.205060931125,436341522681.58325,39496899714.29935
2024-12-05 00:00:00 UTC,3791.374120015539,462194951167.77264,59723112963.30144
2024-12-06 00:00:00 UTC,4007.7256533562368,456715875808.8249,64281608771.547554
2024-12-07 00:00:00 UTC,4004.1085635595377,482725756330.63855,55764363443.3101
2024-12-08 00:00:00 UTC,4007.406110973783,482256772769.9115,21920435092.44213
2024-12-09 00:00:00 UTC,3713.8230740631575,483704960454.7471,20622228441.302944
2024-12-10 00:00:00 UTC,3627.996591545328,447685291372.5086,59364298473.83145
2024-12-11 00:00:00 UTC,3832.648408092089,437079698109.0864,63385549396.44507
2024-12-12 00:00:00 UTC,3881.40597061562,461451483248.354,38216047436.46868
2024-12-13 00:00:00 UTC,3909.070922462435,467500158679.4724,47284415297.41224
2024-12-14 00:00:00 UTC,3868.324018286719,471055451516.1061,36255210364.80066
2024-12-15 00:00:00 UTC,3948.54317965618,466066123937.01575,28611311325.67794
2024-12-16 00:00:00 UTC,3992.5251679537714,476783690643.3083,25054244756.484932
2024-12-17 00:00:00 UTC,3887.281762128648,480911681754.8854,50227032034.00931
2024-12-18 00:00:00 UTC,3622.1270020345114,467899957479.01294,35428713001.53002
2024-12-19 00:00:00 UTC,3414.8910889123013,436138037828.7671,50544903044.61431
2024-12-20 00:00:00 UTC,3462.5756655865507,411718028413.92035,63930677419.762215
2024-12-21 00:00:00 UTC,3337.9931017647236,418404598964.28094,72585364943.25601
2024-12-22 00:00:00 UTC,3277.055235670619,402074239670.37555,31711627911.450157
2024-12-23 00:00:00 UTC,3419.104180994374,394385561550.1576,25790570282.045692
2024-12-24 00:00:00 UTC,3492.0048551635296,411535579912.3349,36099594763.66574
2024-12-25 00:00:00 UTC,3494.4296598926258,421352666351.72504,23839797008.408844
2024-12-26 00:00:00 UTC,3331.4305195031457,420964607016.8934,17573234105.13001
2024-12-27 00:00:00 UTC,3327.9469617656714,401291695983.2409,22807938496.266026
2024-12-28 00:00:00 UTC,3394.9322761501444,400715191041.4999,23036195386.513386
2024-12-29 00:00:00 UTC,3347.850138903738,409044467040.5997,13810494503.698614
2024-12-30 00:00:00 UTC,3358.668357675151,403753582688.2467,12716214800.327682
2024-12-31 00:00:00 UTC,3331.960415357686,404702565902.0231,27681365003.48267
2025-01-01 00:00:00 UTC,3352.217486831087,401401363091.7068,21419869688.42049
2025-01-02 00:00:00 UTC,3451.2174429160327,403851402731.9416,13408920418.875008
2025-01-03 00:00:00 UTC,3606.118243019112,415476621114.2521,22855052370.350792
2025-01-04 00:00:00 UTC,3656.822200312848,434228574537.7397,22381365572.532837
2025-01-05 00:00:00 UTC,3635.087445679069,440826946612.9144,16113883225.618715
2025-01-06 00:00:00 UTC,3689.344083702552,437897767437.9645,12496707226.740562
2025-01-07 00:00:00 UTC,3378.8368368691004,444283233345.1178,23314106487.43639
2025-01-08 00:00:00 UTC,3325.4193692577983,407073653051.83734,32819250211.17138
2025-01-09 00:00:00 UTC,3224.185945268807,400710819353.408,34815838122.71806
2025-01-10 00:00:00 UTC,3266.968783260918,388135306948.10474,29910706598.48908
2025-01-11 00:00:00 UTC,3283.0070131950847,393609915303.01,26736777978.708107
2025-01-12 00:00:00 UTC,3265.3404449750287,395397203198.032,10791923693.915394
2025-01-13 00:00:00 UTC,3136.134992657647,393415002150.1572,9250805407.532269
2025-01-14 00:00:00 UTC,3224.311621799453,378235757760.5016,41752019717.98453
2025-01-15 00:00:00 UTC,3454.324754277295,388558737063.7718,22418917482.84241
2025-01-16 00:00:00 UTC,3306.8156612326384,416218060018.0741,25454100988.426098
2025-01-17 00:00:00 UTC,3475.543290362819,398812874628.6295,24972929922.75217
2025-01-18 00:00:00 UTC,3306.5974815912537,418967123820.6827,27680727381.053127
2025-01-19 00:00:00 UTC,3202.871407181103,398577988933.176,32358258996.026375
2025-01-20 00:00:00 UTC,3277.389476653469,385247477830.0685,59792720594.69139
2025-01-21 00:00:00 UTC,3327.0818710455474,393932214848.97455,53366294718.79591
2025-01-22 00:00:00 UTC,3238.016282192183,400927832136.66705,33739977540.7901
2025-01-23 00:00:00 UTC,3340.582858814827,390124809435.2617,21778581966.25524
2025-01-24 00:00:00 UTC,3311.5508041263997,402077377817.36346,34106030342.63558
2025-01-25 00:00:00 UTC,3317.7491699951247,399012044029.69,26127213571.14185
2025-01-26 00:00:00 UTC,3236.6656039704103,399727163475.3038,12674955548.82772
2025-01-27 00:00:00 UTC,3179.8911263520895,389290856157.5232,13700041050.67472
2025-01-28 00:00:00 UTC,3077.9220012612527,382585031032.6768,41090353469.144066
2025-01-29 00:00:00 UTC,3112.973706322043,370926658070.70056,18955044495.35721
2025-01-30 00:00:00 UTC,3246.117188628738,375095679167.8963,21820482500.62419
2025-01-31 00:00:00 UTC,3298.5292384592553,391310619459.9277,19057543901.30004
2025-02-01 00:00:00 UTC,3119.9529830239057,397322246310.0321,29107012671.169563
2025-02-02 00:00:00 UTC,2866.253573805174,376083907031.1045,19283316523.238564
2025-02-03 00:00:00 UTC,2880.281763705476,345560344900.71075,39497056806.35192
2025-02-04 00:00:00 UTC,2734.763245293648,347175310852.4897,96162564346.63274
2025-02-05 00:00:00 UTC,2789.621611063684,329369212351.6822,49598757294.57473
2025-02-06 00:00:00 UTC,2687.8133604171308,336401299286.6441,31911298312.327293
2025-02-07 00:00:00 UTC,2620.5653495861047,324010721411.86664,31135215601.877285
2025-02-08 00:00:00 UTC,2632.8061542992345,315793479379.9453,30655227478.187576
2025-02-09 00:00:00 UTC,2630.43718668343,317487532637.5703,16427201812.286877
2025-02-10 00:00:00 UTC,2661.987092225292,317148507626.72064,16935887230.02796
2025-02-11 00:00:00 UTC,2602.9232019735637,320799914130.8473,18790157653.30351
2025-02-12 00:00:00 UTC,2737.1990303880543,313749876576.9944,19397841349.86461
2025-02-13 00:00:00 UTC,2676.721288040328,329977300269.7954,26484682424.052364
2025-02-14 00:00:00 UTC,2725.8914087575517,322538117116.9736,19020157550.23788
2025-02-15 00:00:00 UTC,2693.504460069912,328479865064.06934,17368643697.04052
2025-02-16 00:00:00 UTC,2661.1506687369165,324654346414.97815,9185665168.506533
2025-02-17 00:00:00 UTC,2743.350423263979,320935467264.6715,9384863851.97092
2025-02-18 00:00:00 UTC,2671.6886402260684,330639999601.74445,24576324930.336216
2025-02-19 00:00:00 UTC,2716.3513807559507,321894523295.4062,24380470278.78905
2025-02-20 00:00:00 UTC,2739.7255611178352,327421378692.1622,13207065780.502512
2025-02-21 00:00:00 UTC,2655.111355310828,330282503763.7376,15031182734.752838
2025-02-22 00:00:00 UTC,2762.9669006002723,320506966505.35156,32927027276.93546
2025-02-23 00:00:00 UTC,2825.0339240460366,333147302580.5889,17256796933.16911
2025-02-24 00:00:00 UTC,2514.8641004456676,340858952784.4142,21388315615.570564
2025-02-25 00:00:00 UTC,2489.3351065628017,302362913524.9268,31608447738.96384
2025-02-26 00:00:00 UTC,2333.439258534589,300810618971.2437,42727704407.977425
2025-02-27 00:00:00 UTC,2305.0333431426234,280860085530.6926,30648214606.649773
2025-02-28 00:00:00 UTC,2234.7105447751874,277919817870.91345,89367142838.52339
2025-03-01 00:00:00 UTC,2214.484654617748,269502604852.12665,38121270990.60784
2025-03-02 00:00:00 UTC,2508.350208778576,267035427501.97876,15858353413.998154
2025-03-03 00:00:00 UTC,2147.571475632268,303235834466.91046,37941785822.95564
2025-03-04 00:00:00 UTC,2165.1717097662677,259006638560.2756,33434293399.175365
2025-03-05 00:00:00 UTC,2242.3024273299934,261401811320.468,35267184061.1546
2025-03-06 00:00:00 UTC,2201.0441120161076,270099494934.2973,22097999223.508717
2025-03-07 00:00:00 UTC,2139.365881688724,265434802270.74216,18603434469.68722
2025-03-08 00:00:00 UTC,2201.421771785411,258000474454.1317,22013238678.67925
2025-03-09 00:00:00 UTC,2017.2845515743331,265392794150.2947,11103245646.217178
2025-03-10 00:00:00 UTC,1867.8677194834852,242914283769.8167,17612211944.25445
2025-03-11 00:00:00 UTC,1925.1015148360716,225847429315.93124,37475697349.985085
2025-03-12 00:00:00 UTC,1906.8758654007668,231691659544.28232,33197725756.903545
2025-03-13 00:00:00 UTC,1861.8007257353952,229971479977.13364,24342901647.188023
2025-03-14 00:00:00 UTC,1910.9921783263303,224678374181.10165,19238380794.926567
2025-03-15 00:00:00 UTC,1938.2143554521335,230346042846.71024,12606755677.054125
2025-03-16 00:00:00 UTC,1887.3020831253136,233970291611.3664,7012688590.063311
2025-03-17 00:00:00 UTC,1926.4329790258116,227717425458.8452,9467165819.754637
2025-03-18 00:00:00 UTC,1929.8958934893628,232562346760.62964,11245245135.408829
2025-03-19 00:00:00 UTC,2066.927431499171,233047080513.7203,10898886258.799765
2025-03-20 00:00:00 UTC,1979.9131141463024,248596315073.7221,21379054567.724308
2025-03-21 00:00:00 UTC,1965.251652346252,238929592319.23544,14283437683.896486
2025-03-22 00:00:00 UTC,1980.4561194459652,237128713546.84232,9852384533.085316
2025-03-23 00:00:00 UTC,2007.2145514705949,238801732985.6945,6184263492.678938
2025-03-24 00:00:00 UTC,2078.6015272329155,241404254258.0785,8031864758.236647
2025-03-25 00:00:00 UTC,2066.470087193809,250761023249.2919,15868016552.21556
2025-03-26 00:00:00 UTC,2009.342849130818,249577729799.16687,12545032745.976503
2025-03-27 00:00:00 UTC,2002.1534229050983,242350038183.6353,13890108011.459265
2025-03-28 00:00:00 UTC,1896.322808714557,241553649887.74695,11332648784.004204
2025-03-29 00:00:00 UTC,1827.7705067756945,228671533592.61417,18993085720.425537
2025-03-30 00:00:00 UTC,1806.549195782867,220529171235.28256,12632895910.589138
2025-03-31 00:00:00 UTC,1823.748753250691,217944137495.40295,9984323384.542078
2025-04-01 00:00:00 UTC,1905.2233086975891,220097469569.1064,17017463402.070908
2025-04-02 00:00:00 UTC,1794.3683914039525,229898920998.63043,16005037424.423508
2025-04-03 00:00:00 UTC,1816.778141222716,216796125592.3433,23465663455.39089
2025-04-04 00:00:00 UTC,1814.602921293563,219291055135.90845,16717748825.13972
2025-04-05 00:00:00 UTC,1806.9138407099465,219005920552.12943,19462636944.57127
2025-04-06 00:00:00 UTC,1579.0366252686324,218112323508.02707,6788018038.11848
2025-04-07 00:00:00 UTC,1553.6532727627257,189838824357.74915,23934751772.032513
2025-04-08 00:00:00 UTC,1472.0913986626454,188565143892.71408,48563495226.266014
2025-04-09 00:00:00 UTC,1667.065136499343,177548507000.76492,22443664698.65409
2025-04-10 00:00:00 UTC,1521.3245487030365,201022242329.5708,42656695237.383934
2025-04-11 00:00:00 UTC,1567.256910374535,183721966598.0356,20420797405.17073
2025-04-12 00:00:00 UTC,1644.2784770464837,189271270061.41663,14182550888.8639
2025-04-13 00:00:00 UTC,1596.4089120380506,198587314195.9764,11772797355.04267
2025-04-14 00:00:00 UTC,1623.2257239346889,192626354261.9052,13786505201.810066
2025-04-15 00:00:00 UTC,1587.7746605269765,195815351754.10223,15544140368.137287
2025-04-16 00:00:00 UTC,1577.8368493093656,191668831379.91183,11738394301.358755
2025-04-17 00:00:00 UTC,1583.445590655848,190394837582.6561,12503753012.763891
2025-04-18 00:00:00 UTC,1589.0383030121732,191101144482.32,10278501471.354065
2025-04-19 00:00:00 UTC,1613.6301991547682,191803336433.67212,5235102691.582741
2025-04-20 00:00:00 UTC,1586.3316796392694,194837334305.52097,5722208407.004602
2025-04-21 00:00:00 UTC,1578.7839199994824,191463074137.76187,6695483853.616966
2025-04-22 00:00:00 UTC,1757.9260709743578,190565850488.98645,14359753340.079365
2025-04-23 00:00:00 UTC,1796.006939720349,212333471768.59277,23642931908.940193
2025-04-24 00:00:00 UTC,1769.353842327614,216711708912.85916,22318459702.709385
2025-04-25 00:00:00 UTC,1787.3557228286602,213596066184.7109,12665659777.61115
2025-04-26 00:00:00 UTC,1821.382493511874,215822442654.6366,15985250137.521872
2025-04-27 00:00:00 UTC,1793.529267244852,219851192431.9511,10067897833.901957
2025-04-28 00:00:00 UTC,1800.1010871231133,216570663850.95547,9724985597.618402
2025-04-29 00:00:00 UTC,1798.929119400654,217303751086.03705,16756528052.585758
2025-04-30 00:00:00 UTC,1793.8937500781467,217028602076.0241,12878759220.198397
2025-05-01 00:00:00 UTC,1838.9282405053184,216570725289.26825,13451623793.604769
2025-05-02 00:00:00 UTC,1842.235704253937,222051611699.41803,14368947418.571163
2025-05-03 00:00:00 UTC,1834.0718870648443,222405273411.50925,11687361648.635551
2025-05-04 00:00:00 UTC,1808.158288534155,221445569170.57596,6721891005.17805
2025-05-05 00:00:00 UTC,1820.0077872140848,218299904459.6122,7483455733.437729
2025-05-06 00:00:00 UTC,1817.273863095156,219713724863.7274,10329105803.285362
2025-05-07 00:00:00 UTC,1811.709547761422,219328668166.23984,12036254167.10365
2025-05-08 00:00:00 UTC,2202.0859687473653,218563873268.25903,47107548082.49978
2025-05-09 00:00:00 UTC,2343.0800462070592,265694295296.56653,37765596958.84958
2025-05-10 00:00:00 UTC,2582.983998398728,282860379533.73694,44646388197.7484
2025-05-11 00:00:00 UTC,2509.652769049867,311960228485.0462,30128734750.21809
2025-05-12 00:00:00 UTC,2493.597278406928,302961308420.7588,25926958924.607414
2025-05-13 00:00:00 UTC,2679.440557447252,300878544905.94055,32161395066.553185
2025-05-14 00:00:00 UTC,2606.9373838033603,323515011605.5633,33498335203.245277
2025-05-15 00:00:00 UTC,2545.164709532804,314669349615.9531,28110315839.22638
2025-05-16 00:00:00 UTC,2541.6931923802717,307010201169.10144,25936977821.052677
2025-05-17 00:00:00 UTC,2475.1475681458455,306854407156.3527,21180019712.447483
2025-05-18 00:00:00 UTC,2473.8388724116753,298810448368.27374,17061738624.878742
2025-05-19 00:00:00 UTC,2527.806300755987,298059918893.8026,25136437015.942184
2025-05-20 00:00:00 UTC,2523.24767489843,305147639295.4895,25251818475.975117
2025-05-21 00:00:00 UTC,2556.3831317136173,304664985847.69165,22671672166.712997
2025-05-22 00:00:00 UTC,2658.6712468472556,308728783784.5947,33324474314.3855
2025-05-23 00:00:00 UTC,2520.225342164544,320807084741.6143,29400559935.77073
2025-05-24 00:00:00 UTC,2529.763966464483,304410872075.3616,31454221851.51082
2025-05-25 00:00:00 UTC,2548.14797380859,305401135190.16785,10660320022.797611
2025-05-26 00:00:00 UTC,2562.4409846186127,307511367071.1158,13811334383.52362
2025-05-27 00:00:00 UTC,2662.1671876134665,309319360637.78375,13335942881.354502
2025-05-28 00:00:00 UTC,2679.875687205419,321417697081.85974,26450529719.853134
2025-05-29 00:00:00 UTC,2631.9083003349624,323120782899.5449,19635535632.473022
2025-05-30 00:00:00 UTC,2527.700316388642,317835553876.92816,26773311898.34434
2025-05-31 00:00:00 UTC,2531.533172761844,304916795633.23724,23216113462.987686
2025-06-01 00:00:00 UTC,2538.2846946910217,305626554525.85474,12942877030.472054
2025-06-02 00:00:00 UTC,2610.8639611906437,306410595905.9423,11329772148.32754
2025-06-03 00:00:00 UTC,2594.777557170298,315117244428.3274,15408414234.18048
2025-06-04 00:00:00 UTC,2609.9504866476827,313321689062.2956,15312669529.097624
2025-06-05 00:00:00 UTC,2419.508274317192,315146254015.8943,16820108462.165462
2025-06-06 00:00:00 UTC,2478.8048314822036,292113519244.94135,25895120058.070835
2025-06-07 00:00:00 UTC,2525.8150122010156,299439108499.67883,18413659792.071735
2025-06-08 00:00:00 UTC,2509.012947498987,304929149255.7958,9553241295.971462
2025-06-09 00:00:00 UTC,2682.354038332218,302854671930.0217,10236507975.701168
2025-06-10 00:00:00 UTC,2816.415140673002,323926786186.03503,19234483669.14843
2025-06-11 00:00:00 UTC,2774.902334202254,339758428500.3016,38114635410.99927
2025-06-12 00:00:00 UTC,2650.1019438066674,334992263397.92474,31021655442.76489
2025-06-13 00:00:00 UTC,2578.1893703419114,320104618661.58264,26063201549.412056
2025-06-14 00:00:00 UTC,2533.1594418173227,311207148986.2516,38684049846.20293
2025-06-15 00:00:00 UTC,2547.1986772890696,305893045616.9373,11873548860.512444
2025-06-16 00:00:00 UTC,2548.097552847306,307479005263.2804,10615916318.4735
2025-06-17 00:00:00 UTC,2512.628915043993,309092329550.0727,24634497679.699337
2025-06-18 00:00:00 UTC,2523.1785975058187,303496743636.34,25950170051.122757
2025-06-19 00:00:00 UTC,2521.753992146143,304462851420.02844,18189682796.62223
2025-06-20 00:00:00 UTC,2406.194491283201,304426499074.38934,10372265455.985554
2025-06-21 00:00:00 UTC,2294.00752163455,290474624396.6758,20181923547.603203
2025-06-22 00:00:00 UTC,2227.1865038360775,276150516900.5455,16658146283.24809
2025-06-23 00:00:00 UTC,2419.4157387507407,268855596267.5083,27920505866.56842
2025-06-24 00:00:00 UTC,2447.328779483669,292426105682.6356,25588788456.241688
2025-06-25 00:00:00 UTC,2419.347855696857,295306848449.70984,19619756488.273384
2025-06-26 00:00:00 UTC,2415.797053365547,291987318055.5399,15464893395.211668
2025-06-27 00:00:00 UTC,2423.2313819057767,291538370549.0966,16285122502.896364
2025-06-28 00:00:00 UTC,2436.759750874758,292529695259.3627,13102226040.147026
2025-06-29 00:00:00 UTC,2502.26557948149,294172704290.3099,5787808587.770022
2025-06-30 00:00:00 UTC,2487.4682091643926,302127385711.75397,10360014396.788664
2025-07-01 00:00:00 UTC,2405.5757088058185,300293011926.9431,16486764858.163296
2025-07-02 00:00:00 UTC,2572.326021629399,290294455719.4809,12973875935.00381
2025-07-03 00:00:00 UTC,2592.4322896840995,310654239668.241,20892888527.708035
2025-07-04 00:00:00 UTC,2508.234982925317,312767403111.73627,19513992027.151333
2025-07-05 00:00:00 UTC,2516.8246692515277,302889111528.90515,16057566130.224731
2025-07-06 00:00:00 UTC,2570.8193975803088,303878113995.6579,6664614868.744237
2025-07-07 00:00:00 UTC,2542.5085418455556,310430280745.0246,9921493809.8928
2025-07-08 00:00:00 UTC,2615.521713139152,306987398876.7918,15929294097.35002
2025-07-09 00:00:00 UTC,2770.459767747978,315762849023.455,15897987132.38555
2025-07-10 00:00:00 UTC,2952.2816964521853,334630175645.8463,24474844940.132896
2025-07-11 00:00:00 UTC,2959.9263567327152,356586252671.6323,30421004250.6619
2025-07-12 00:00:00 UTC,2942.794234990203,357345052000.1306,42538462648.63445
2025-07-13 00:00:00 UTC,2973.6756203455147,355222033325.91095,17383017291.11849
2025-07-14 00:00:00 UTC,3013.0693411322845,359070974396.8163,18602897425.56887
2025-07-15 00:00:00 UTC,3136.7886392559913,363684883486.824,41275224860.18028
2025-07-16 00:00:00 UTC,3369.9529794891137,378320426295.617,43663386067.63783
2025-07-17 00:00:00 UTC,3478.1021803036347,406639409868.41754,51189566399.17359
2025-07-18 00:00:00 UTC,3548.4201844098584,419982894568.3318,56836863506.946
2025-07-19 00:00:00 UTC,3594.2415403180626,428274565283.41473,68616579833.4125
2025-07-20 00:00:00 UTC,3760.7214625129263,433852564259.8612,27018333251.858013
2025-07-21 00:00:00 UTC,3764.7889876542345,454180310524.0599,55405746289.09427
2025-07-22 00:00:00 UTC,3745.225765859942,454513156113.6638,47186960283.099594
2025-07-23 00:00:00 UTC,3629.677105442763,452112239855.1693,52706535658.55333
2025-07-24 00:00:00 UTC,3701.450643553188,438111570682.8548,47671038685.25484
2025-07-25 00:00:00 UTC,3721.680063676286,447686182726.108,47168537195.64831
2025-07-26 00:00:00 UTC,3740.680175161587,449323989794.75586,48586847996.15732
2025-07-27 00:00:00 UTC,3871.951449970793,451805649998.11334,23809572816.580097
2025-07-28 00:00:00 UTC,3790.1063221575832,467132244265.55206,27410291986.04856
2025-07-29 00:00:00 UTC,3789.3004081693534,457526952752.38885,39357507636.43058
2025-07-30 00:00:00 UTC,3807.381613991685,457529398488.68414,34755691256.08769
2025-07-31 00:00:00 UTC,3696.599150825217,459586945766.49866,29886963385.95306
2025-08-01 00:00:00 UTC,3487.866797029722,446248723736.20593,31212633330.574806
2025-08-02 00:00:00 UTC,3400.741514835749,421020995477.54553,42699404593.60192
2025-08-03 00:00:00 UTC,3497.788424852092,409668036914.6126,28169383986.846672
2025-08-04 00:00:00 UTC,3717.032578785954,422257987948.3226,18274360113.47632
2025-08-05 00:00:00 UTC,3611.964869972736,448826979964.3167,28533986735.122528
2025-08-06 00:00:00 UTC,3676.613906884279,436053422696.0541,29277669730.287964
2025-08-07 00:00:00 UTC,3907.6010172319807,444599859721.5152,23406427203.671833
2025-08-08 00:00:00 UTC,4010.923271812793,472049413376.7052,33199719919.80177
2025-08-09 00:00:00 UTC,4265.188124390236,484154502649.8723,37977605930.01106
2025-08-10 00:00:00 UTC,4252.166438840521,514849272419.7555,37869349978.10802
2025-08-11 00:00:00 UTC,4226.507130981428,513443610006.35944,27054361387.702
2025-08-12 00:00:00 UTC,4592.803332787304,510263754322.9092,43112293008.49643
2025-08-13 00:00:00 UTC,4750.841644372325,554947221203.6802,52873412183.87985
2025-08-14 00:00:00 UTC,4560.320575406474,574570514173.048,59844692052.96724
2025-08-15 00:00:00 UTC,4437.624336661018,549678563832.7632,67076229138.99421
2025-08-16 00:00:00 UTC,4423.427841805725,535837291647.37714,46917685665.50096
2025-08-17 00:00:00 UTC,4485.033789094146,534261310162.8497,23080213666.475956
2025-08-18 00:00:00 UTC,4317.375712223622,541605096904.91425,28212828260.501465
2025-08-19 00:00:00 UTC,4080.647740086776,520462481351.7517,44131243136.7805
2025-08-20 00:00:00 UTC,4335.095011843836,492151485884.0983,44130802664.964584
2025-08-21 00:00:00 UTC,4231.458988143176,522712327638.0309,40019761705.593666
2025-08-22 00:00:00 UTC,4817.762321544151,510769225146.1248,27666155232.13874
2025-08-23 00:00:00 UTC,4782.427363765921,582853783455.8636,64621339138.42003
2025-08-24 00:00:00 UTC,4780.256234389111,576923974476.6718,23631461744.687603
2025-08-25 00:00:00 UTC,4375.380795422783,577124677420.5508,41144316325.88549
2025-08-26 00:00:00 UTC,4591.768723220833,528893380984.4089,48307780980.99421
2025-08-27 00:00:00 UTC,4503.24929143207,555027560260.1531,45317278274.70111
2025-08-28 00:00:00 UTC,4510.743657697646,542967136095.9592,35404605704.31342
2025-08-29 00:00:00 UTC,4359.242872747144,544095435418.0028,28894226148.226383
2025-08-30 00:00:00 UTC,4373.447756738678,526234436585.79736,35675479713.830986
2025-08-31 00:00:00 UTC,4385.611542272855,527904203971.7542,18736090183.263844
2025-09-01 00:00:00 UTC,4314.33684565863,529892194843.4624,22892826524.51606
2025-09-02 00:00:00 UTC,4320.5602658503985,520399630040.199,31276798038.897095
2025-09-03 00:00:00 UTC,4451.0636436771065,522074417301.5726,32113977374.086285
2025-09-04 00:00:00 UTC,4302.631106224621,537051828518.1647,29357543402.358524
2025-09-05 00:00:00 UTC,4306.9385585791215,518692245644.4563,30095096912.795418
2025-09-06 00:00:00 UTC,4275.565874686,519830732357.0378,37728066503.29497
2025-09-07 00:00:00 UTC,4305.712109548157,515911045096.0055,14470213718.899994
2025-09-08 00:00:00 UTC,4307.143237858236,519690491922.4502,14470867163.73377
2025-09-09 00:00:00 UTC,4311.8584294636485,519824071925.6714,27208062434.739975
2025-09-10 00:00:00 UTC,4347.482124114109,520045796347.40155,28322488407.752773
2025-09-11 00:00:00 UTC,4455.91485665392,524794550874.001,34386095865.57935
2025-09-12 00:00:00 UTC,4707.467094236729,538856948249.45734,33745605163.196167
2025-09-13 00:00:00 UTC,4669.028586485019,568627360613.4667,41160367084.071815
2025-09-14 00:00:00 UTC,4606.740088999127,563578526685.116,29654140423.83008
2025-09-15 00:00:00 UTC,4522.7579691582605,556177996276.7655,24126817615.519157
2025-09-16 00:00:00 UTC,4503.398838715683,546101050067.7076,35187023065.44062
2025-09-17 00:00:00 UTC,4594.02788969636,543521951791.3435,28232446665.50697
2025-09-18 00:00:00 UTC,4593.807636563898,554238085865.2423,42122635553.40011
2025-09-19 00:00:00 UTC,4470.102748926164,554060824608.3385,29790287664.569393
2025-09-20 00:00:00 UTC,4481.484588389632,539544414763.9426,28185211809.807964
2025-09-21 00:00:00 UTC,4445.964686087343,540980086428.3148,14322165829.99244
2025-09-22 00:00:00 UTC,4201.889983622676,537471057669.3034,16015456082.51297
2025-09-23 00:00:00 UTC,4164.826037505126,506993249580.1887,52868706124.10381
2025-09-24 00:00:00 UTC,4152.852648081888,502831514628.2847,29633470698.882874
2025-09-25 00:00:00 UTC,3896.063017617365,501350879604.1728,28177218725.33708
2025-09-26 00:00:00 UTC,4028.908465637633,469419907496.9152,64172878515.0926
2025-09-27 00:00:00 UTC,4018.704458176895,486313141744.0519,43998560595.903854
2025-09-28 00:00:00 UTC,4139.675726866035,484881796566.8053,16968627601.94127
2025-09-29 00:00:00 UTC,4214.498317525192,500004553306.3428,21737396079.49406
2025-09-30 00:00:00 UTC,4147.316186865383,508664190377.5008,34701070490.43777
2025-10-01 00:00:00 UTC,4354.37875727111,500498863633.9376,34307788006.807034
2025-10-02 00:00:00 UTC,4484.180377056455,524323391189.31995,43093556980.63828
2025-10-03 00:00:00 UTC,4514.148616548543,541331048609.44464,44246030007.49464
2025-10-04 00:00:00 UTC,4488.802917459776,544868897938.4474,45756049478.05154
2025-10-05 00:00:00 UTC,4513.31014835462,541611848322.7991,20425604688.928185
2025-10-06 00:00:00 UTC,4690.837856263482,544967202194.44385,40101083291.83619
2025-10-07 00:00:00 UTC,4453.781265556171,566222103249.5619,40587548780.66794
2025-10-08 00:00:00 UTC,4526.062095378305,537051357270.459,49952935289.519135
2025-10-09 00:00:00 UTC,4368.419616565288,546305254353.1228,36859862237.294106
2025-10-10 00:00:00 UTC,3841.6736803824847,527286567755.6974,42746609485.53989
2025-10-11 00:00:00 UTC,3747.4570446607986,462926668230.6871,89935918939.21315
2025-10-12 00:00:00 UTC,4151.918863184718,452649887571.15,54218043539.763245
2025-10-13 00:00:00 UTC,4245.447076633256,502075589618.4089,58639398857.891815
2025-10-14 00:00:00 UTC,4126.235352870518,512338329574.94464,46398150619.24684
2025-10-15 00:00:00 UTC,3991.5442355212426,498150410985.407,62839726299.69757
2025-10-16 00:00:00 UTC,3893.756037568491,481689276437.4471,45253630670.08184
2025-10-17 00:00:00 UTC,3835.007248476607,469582926617.4159,44974702873.89933
2025-10-18 00:00:00 UTC,3890.016062101197,462483442503.1668,52622088158.93824
2025-10-19 00:00:00 UTC,3982.3558612703023,469537704877.8051,19867784025.6314
2025-10-20 00:00:00 UTC,3980.07327974389,480800504808.295,29256291805.263657
2025-10-21 00:00:00 UTC,3866.151782774292,480366784228.9499,35123529484.36126
2025-10-22 00:00:00 UTC,3805.881864350947,467519423220.8764,46704826317.34672
2025-10-23 00:00:00 UTC,3857.590008571872,459088216890.3367,42044581096.01017
2025-10-24 00:00:00 UTC,3935.956503436005,465635527448.3024,32156715130.348736
2025-10-25 00:00:00 UTC,3954.0041199084208,474992460054.59576,30034213292.758736
2025-10-26 00:00:00 UTC,4158.567621968615,477147951160.52856,12353862303.857664
2025-10-27 00:00:00 UTC,4117.287077707286,502002782659.0379,25883399675.759956
2025-10-28 00:00:00 UTC,3978.812010414271,497305665524.5466,36385943761.52509
2025-10-29 00:00:00 UTC,3902.8019474292696,480647742723.29193,35671783550.23295
2025-10-30 00:00:00 UTC,3801.551504718387,470857249494.70953,32806950695.069782
2025-10-31 00:00:00 UTC,3846.95863062356,459169677106.2288,37193378561.10616
2025-11-01 00:00:00 UTC,3872.926054735507,464258991447.4072,32764029085.038177
2025-11-02 00:00:00 UTC,3905.342929555584,467495673481.22,12963577620.647104
2025-11-03 00:00:00 UTC,3600.363768411873,471728931087.62933,16505905832.7532
2025-11-04 00:00:00 UTC,3285.2318395878847,434830766166.5589,47754595370.98098
2025-11-05 00:00:00 UTC,3425.9698058908884,397573700002.6509,70971936439.57846
2025-11-06 00:00:00 UTC,3312.4503070158717,413773447437.8882,44016731327.195274
2025-11-07 00:00:00 UTC,3426.4012405987837,399656276442.011,33740482063.273483
2025-11-08 00:00:00 UTC,3399.6637755492966,414507643190.6567,39541026326.49069
2025-11-09 00:00:00 UTC,3578.8023059041866,410476200008.4793,20336279641.495083
2025-11-10 00:00:00 UTC,3566.049867115414,432140258282.28656,25306062473.02298
2025-11-11 00:00:00 UTC,3416.071508998829,430495589767.3192,31527602956.56814
2025-11-12 00:00:00 UTC,3412.5432368287225,412487940491.5636,35964365184.38774
2025-11-13 00:00:00 UTC,3223.175778614162,411695018306.3992,31867019731.549423
2025-11-14 00:00:00 UTC,3118.7143444311273,389149953098.6491,48625450123.82115
2025-11-15 00:00:00 UTC,3169.6972672382008,374583156499.2539,44971508554.9072
2025-11-16 00:00:00 UTC,3091.905045683136,382171821174.872,18620710912.32086
2025-11-17 00:00:00 UTC,3026.218255338726,373455751267.06415,30603488973.76373
2025-11-18 00:00:00 UTC,3121.5138481614545,365025720800.0176,38548325745.12055
2025-11-19 00:00:00 UTC,3020.935787720369,376627472214.8123,39769047587.844025
2025-11-20 00:00:00 UTC,2832.5307976375693,364624974074.7031,38984541011.264854
2025-11-21 00:00:00 UTC,2763.897390488984,341919899025.5803,41506608161.76037
2025-11-22 00:00:00 UTC,2768.1536567521325,333625188127.77344,49471335177.09487
2025-11-23 00:00:00 UTC,2798.913101183697,334202138387.9657,15227137733.353577
2025-11-24 00:00:00 UTC,2952.334906852989,338086242481.6212,20117555262.314224
2025-11-25 00:00:00 UTC,2958.5732175211965,356375311640.8533,32463159649.035435
2025-11-26 00:00:00 UTC,3026.421534805452,357081428337.2704,23379516621.412125
2025-11-27 00:00:00 UTC,3014.8198499491664,365401603025.40247,20975481627.490208
2025-11-28 00:00:00 UTC,3031.245855716179,363871486260.152,16425620742.708153
2025-11-29 00:00:00 UTC,2989.6497957851875,365929010495.9888,20119280037.55597
2025-11-30 00:00:00 UTC,2990.797383294047,361028197396.32526,12587660538.295284
2025-12-01 00:00:00 UTC,2796.73386904882,361323261616.5661,11717224359.873058
2025-12-02 00:00:00 UTC,2997.602427194639,337936232248.04846,36758673924.641594
2025-12-03 00:00:00 UTC,3188.8819447300766,361886352850.66064,27128828869.360863
2025-12-04 00:00:00 UTC,3134.3486408160215,385647238454.8962,31057577560.27413
2025-12-05 00:00:00 UTC,3019.826038059256,378254547725.5433,27504485182.888542
2025-12-06 00:00:00 UTC,3036.875646714073,364479179010.7497,27866527351.545456
2025-12-07 00:00:00 UTC,3060.9948319527766,366362808813.6567,11301292406.636791
2025-12-08 00:00:00 UTC,3123.8052523660685,369159022672.3001,21104749281.741245
2025-12-09 00:00:00 UTC,3318.7209450428563,377187495543.50055,25543422220.52588
2025-12-10 00:00:00 UTC,3323.292012600325,400924984363.3934,34598672977.962814
2025-12-11 00:00:00 UTC,3238.4136151525354,401715584457.2677,31640384767.618507
2025-12-12 00:00:00 UTC,3086.7327669850124,390860899752.5878,29527281577.263348
2025-12-13 00:00:00 UTC,3115.271399958073,372234573732.5013,26199365793.50417
2025-12-14 00:00:00 UTC,3063.5454528219575,376120275278.15094,10115726138.168154
2025-12-15 00:00:00 UTC,2963.8945572517114,369722328464.4331,17436601534.892895
2025-12-16 00:00:00 UTC,2957.8602493045723,357774924554.9611,30387579458.755245
2025-12-17 00:00:00 UTC,2832.4683268792255,357683002971.8731,25193138558.564495
2025-12-18 00:00:00 UTC,2826.6732476964435,341631454024.48834,26934376839.542957
2025-12-19 00:00:00 UTC,2977.664503683636,341165495574.4765,30288692450.546524
2025-12-20 00:00:00 UTC,2977.3342562903294,359331722373.2621,28523528730.892265
2025-12-21 00:00:00 UTC,3004.2204920824893,359359718209.9075,8310167969.389112
2025-12-22 00:00:00 UTC,3005.3755577051465,362237625179.74133,11541888974.224104
2025-12-23 00:00:00 UTC,2965.21878516193,362826622916.6392,20802090114.584797
2025-12-24 00:00:00 UTC,2945.367282877598,357695762330.7423,23215144844.485134
2025-12-25 00:00:00 UTC,2901.680790122988,355504570722.50146,11172260132.203032
2025-12-26 00:00:00 UTC,2926.4701674105486,350427548560.45105,12005781929.156887
2025-12-27 00:00:00 UTC,2947.7123005407134,353219445854.79834,18903895818.69645
2025-12-28 00:00:00 UTC,2948.8317693857384,355789194202.7286,7524342177.165679
2025-12-29 00:00:00 UTC,2934.356280609806,355886730370.1094,9476414204.840725
2025-12-30 00:00:00 UTC,2967.9804137872784,354128526675.7914,28082271198.718864
2025-12-31 00:00:00 UTC,2970.028682356399,358627284965.09863,19289785214.006233
2026-01-01 00:00:00 UTC,3003.8548082170178,358467366367.18896,20381481311.55118
2026-01-02 00:00:00 UTC,3135.108477674636,362549964638.6268,11171495754.153849
2026-01-03 00:00:00 UTC,3130.7963686371836,378391580872.4133,2968683098.009085
2026-01-04 00:00:00 UTC,3153.1033957378954,377871070454.3231,1833399982.7407174
2026-01-05 00:00:00 UTC,3227.3933194586493,380563376620.20197,13358809647.653217
2026-01-06 00:00:00 UTC,3291.912961414173,389529756944.73987,26428294466.340294
2026-01-07 00:00:00 UTC,3167.4127745767946,397316871893.3528,28469573226.50492
2026-01-08 00:00:00 UTC,3106.059127932304,382290206190.8564,5848182737.430389
2026-01-09 00:00:00 UTC,3085.4102699805294,374885083400.75244,23170125276.17499
2026-01-10 00:00:00 UTC,3086.1247025890502,372392811824.29297,19145157092.87242
2026-01-11 00:00:00 UTC,3120.1733886182465,372478999268.31433,7690354756.801953
2026-01-12 00:00:00 UTC,3091.684735239076,376588474098.12317,3657548648.4503293
2026-01-13 00:00:00 UTC,3330.50442935756,373150020016.49835,20575353540.85714
2026-01-14 00:00:00 UTC,3351.816081641762,401974251658.0505,33330862704.46805
2026-01-15 00:00:00 UTC,3319.2231658916444,404546373479.0561,32668598575.116543
2026-01-16 00:00:00 UTC,3292.5138978949726,400612477635.317,27127627892.625633
2026-01-17 00:00:00 UTC,3307.0701203970584,397388689792.2721,9232226643.603647
2026-01-18 00:00:00 UTC,3277.768640868265,399145479765.2144,9590348432.129143
2026-01-19 00:00:00 UTC,3186.780739691063,395608949640.7952,2106331225.2783458
2026-01-20 00:00:00 UTC,2941.883255665837,384627179057.7912,26066522055.12842
2026-01-21 00:00:00 UTC,2984.174965536145,355069320367.48303,31623540888.00539
2026-01-22 00:00:00 UTC,2951.3870755868147,360173623557.21564,35069368657.97486
2026-01-23 00:00:00 UTC,2955.1225550231966,356216160217.3739,7553069376.804171
2026-01-24 00:00:00 UTC,2950.844309906184,356666947300.5546,21687027147.554882
2026-01-25 00:00:00 UTC,2812.935403888694,356150528554.6088,8693090188.785778
2026-01-26 00:00:00 UTC,2925.763833023022,339505649535.07916,21087108890.108875
2026-01-27 00:00:00 UTC,3020.015731085415,353123365404.17914,28713656315.699368
2026-01-28 00:00:00 UTC,3011.815000270356,364498969960.27167,26350282942.671562
2026-01-29 00:00:00 UTC,2822.633841401332,363509125447.9493,3496364326.608271
2026-01-30 00:00:00 UTC,2702.9166772970834,340675959362.1641,35484717267.64361
2026-01-31 00:00:00 UTC,2450.663546893,326226524185.7266,39407721389.72321
2026-02-01 00:00:00 UTC,2264.345387690806,295780761628.6315,45050027923.664215
2026-02-02 00:00:00 UTC,2343.45854365222,273292483045.14944,33868246011.930717
2026-02-03 00:00:00 UTC,2226.41311845928,282840794551.86694,45984376029.69217
2026-02-04 00:00:00 UTC,2143.2933986604808,268713942139.8216,46544998382.51254
2026-02-05 00:00:00 UTC,1823.8053314217489,258681747901.23593,42499007789.320724
2026-02-06 00:00:00 UTC,2055.7743792337988,220121462581.44495,55829473443.1791
2026-02-07 00:00:00 UTC,2087.9866273523585,248117411003.78403,62686208935.47836
2026-02-08 00:00:00 UTC,2092.4274588224594,252004649364.45456,38641220745.576004
2026-02-09 00:00:00 UTC,2106.7856442624457,252540566503.86624,18373761018.921764
2026-02-10 00:00:00 UTC,2021.4415907712967,254273467471.43976,25326126141.183537
2026-02-11 00:00:00 UTC,1944.681900647583,243972737071.38898,22188086166.935238
2026-02-12 00:00:00 UTC,1947.8399217972387,234708656146.40756,23015277128.532955
2026-02-13 00:00:00 UTC,2048.3187877857945,235089752119.26395,18810755096.514824
2026-02-14 00:00:00 UTC,2085.705591574723,247216688708.74347,19455842755.379223
2026-02-15 00:00:00 UTC,1967.5499217442239,251728954564.07672,16109112029.317335
2026-02-16 00:00:00 UTC,1998.1759871140314,237468436096.25647,28528944773.46997
2026-02-17 00:00:00 UTC,1994.3527116895793,241164754377.35757,18489676867.975807
2026-02-18 00:00:00 UTC,1954.6531149212074,240703295934.6862,19627011501.056713
2026-02-19 00:00:00 UTC,1949.6068369097477,235911822601.9092,19117626447.143044
2026-02-20 00:00:00 UTC,1967.928380323993,235302740757.12222,16930478555.129438
2026-02-21 00:00:00 UTC,1986.9516807466036,237513976263.95554,20449925362.10393
2026-02-22 00:00:00 UTC,1886.450366591152,239809912412.23102,1379346767.405493
2026-02-23 00:00:00 UTC,1859.2199106790974,227680153598.7431,2071936733.0620174
2026-02-24 00:00:00 UTC,1852.0821618898767,224393629610.997,20413977152.977077
2026-02-25 00:00:00 UTC,2053.097732531376,223532130167.85715,18105694898.68343
2026-02-26 00:00:00 UTC,2027.5050759088144,247793130804.5807,26648965147.76037
2026-02-27 00:00:00 UTC,1931.1188526606693,244704231364.1244,21617579430.764626
2026-02-28 00:00:00 UTC,1966.7219163588757,233071113277.70514,19700104445.7421
2026-03-01 00:00:00 UTC,1939.7957193912328,237368088451.83548,20985423314.735542
2026-03-02 00:00:00 UTC,2028.799011354667,234118271380.97858,21599432840.139435
2026-03-03 00:00:00 UTC,1982.9514132768732,244860251697.49725,24070045894.571983
2026-03-04 00:00:00 UTC,2127.5791778087923,239326733114.5177,21716084707.508087
2026-03-05 00:00:00 UTC,2073.3589471780524,256782106158.73483,31454942233.916515
2026-03-06 00:00:00 UTC,1979.0781325827184,250238063998.13748,20704070246.514977
2026-03-07 00:00:00 UTC,1984.4479694207268,238859068440.4086,17880928376.383335
2026-03-08 00:00:00 UTC,1939.3917593920498,239507117386.64005,1310770979.2352624
2026-03-09 00:00:00 UTC,1992.982026905004,234069173421.49823,15144191039.015755
2026-03-10 00:00:00 UTC,2035.1741536034772,240537076146.7661,21509559006.41827
2026-03-11 00:00:00 UTC,2051.9341141166024,245629288936.0344,20433496336.302525
2026-03-12 00:00:00 UTC,2071.9197307868703,247652035655.06946,16955024688.993406
2026-03-13 00:00:00 UTC,2090.073006429967,250064089421.84503,18582310202.19868
2026-03-14 00:00:00 UTC,2107.1131900776604,252254994382.1135,25561303913.200787
2026-03-15 00:00:00 UTC,2182.0726576096104,254311529453.15802,1301666837.8119001
2026-03-16 00:00:00 UTC,2343.5310877349557,263358513956.0199,14142774279.99913
2026-03-17 00:00:00 UTC,2320.9509267494554,282845219015.19055,35446059567.200615
2026-03-18 00:00:00 UTC,2203.1349441544735,280119875556.8624,23544760984.833347
2026-03-19 00:00:00 UTC,2139.514195287849,265900393517.91376,22377146282.21154
2026-03-20 00:00:00 UTC,2146.578814982091,258221821843.73438,20747989001.230663
2026-03-21 00:00:00 UTC,2066.1561868530966,259074401685.337,15655115807.2655
2026-03-22 00:00:00 UTC,2055.681838744274,249368009906.10928,6737837915.836869
2026-03-23 00:00:00 UTC,2152.471302393496,248103824426.18518,13821408478.563215
2026-03-24 00:00:00 UTC,2156.3938779843224,259785198462.48618,26141021835.50594
2026-03-25 00:00:00 UTC,2172.4163328611644,260258554389.5669,15077078045.390007
2026-03-26 00:00:00 UTC,2059.589104363155,262192292183.59747,3783113507.931435
2026-03-27 00:00:00 UTC,1991.5485477905527,248574966495.32648,16416256659.251913
2026-03-28 00:00:00 UTC,2000.0500988359693,240363008723.19138,17892632129.20947
2026-03-29 00:00:00 UTC,1981.7423699353176,241389017276.30966,3680967183.3661385
2026-03-30 00:00:00 UTC,2024.0146470848574,239179399783.70428,3126443831.8927627
2026-03-31 00:00:00 UTC,2095.4159934323757,244281249742.8913,16073332742.566395
2026-04-01 00:00:00 UTC,2131.5392771024462,252878775956.88654,23416069529.556515
2026-04-02 00:00:00 UTC,2052.336230233669,257238202336.49893,21299358479.11906
2026-04-03 00:00:00 UTC,2009.4212910268097,247679828435.08362,20672789354.697014
2026-04-04 00:00:00 UTC,2052.0685636243165,242500772185.19867,2391874686.2539997
2026-04-05 00:00:00 UTC,2066.1981252768373,247647525921.04834,8763342890.936821
2026-04-06 00:00:00 UTC,2100.806140265129,249352708217.40182,2977633843.3241262
2026-04-07 00:00:00 UTC,2235.8222062960863,253529269098.853,20057879920.68048
2026-04-08 00:00:00 UTC,2179.7915700795793,269823263999.8347,25409795947.525566
2026-04-09 00:00:00 UTC,2177.972586699981,263061380561.4504,22458863412.682026
2026-04-10 00:00:00 UTC,2247.4186221630807,262841862197.574,19099363153.033443
2026-04-11 00:00:00 UTC,2283.0571149299954,271243406913.34424,2203404978.6048203
2026-04-12 00:00:00 UTC,2189.221443884993,275544608218.2303,10793969205.906853
2026-04-13 00:00:00 UTC,2374.0162053338927,264219444192.96732,13405623366.831423
2026-04-14 00:00:00 UTC,2326.445177466492,286522445815.8492,22227550498.82565
2026-04-15 00:00:00 UTC,2360.57614677394,280780975778.5925,21779733467.637848
2026-04-16 00:00:00 UTC,2348.987492385873,284900194124.0837,2379628193.1620183
2026-04-17 00:00:00 UTC,2421.2905710664027,283501489006.51196,18277840224.2442
2026-04-18 00:00:00 UTC,2351.4600244518356,292227734041.3285,22875298915.560413
2026-04-19 00:00:00 UTC,2264.1941982589246,283799477384.54535,12968820774.047688
2026-04-20 00:00:00 UTC,2314.6386071300276,273266828288.31577,15211822330.006557
2026-04-21 00:00:00 UTC,2326.6640126907014,279354502380.66516,17060069305.720215
2026-04-22 00:00:00 UTC,2375.7144533633987,280805083467.57495,15911266216.065207
2026-04-23 00:00:00 UTC,2331.0953087937605,286724723305.0389,19824497898.46676
2026-04-24 00:00:00 UTC,2315.700185661901,281338314330.68677,17461867679.74141
2026-04-25 00:00:00 UTC,2320.566403725771,279479725464.80133,2000632907.7500498
2026-04-26 00:00:00 UTC,2369.1540292624554,280066641519.59357,6503395269.585206
2026-04-27 00:00:00 UTC,2303.8842501308045,285930428396.5808,10106202763.695818
2026-04-28 00:00:00 UTC,2292.7658741534183,278052624845.4277,16613836112.053389
2026-04-29 00:00:00 UTC,2253.620049292702,276709948788.5879,1813581228.36513
2026-04-30 00:00:00 UTC,2256.9491123703424,271984956722.93295,19280727384.966576
2026-05-01 00:00:00 UTC,2295.583440883838,272386233737.76852,11586818602.190138
2026-05-02 00:00:00 UTC,2322.287161264127,277048393325.80853,12644600926.186169
2026-05-03 00:00:00 UTC,2322.5878639164766,280270987498.46216,1263804336.3238258
2026-05-04 00:00:00 UTC,2346.1713028945196,280307153738.07544,4551919997.822555
2026-05-05 00:00:00 UTC,2360.6443662859797,283153280392.45935,23720470979.68119
2026-05-06 00:00:00 UTC,2351.0137484161237,284899717179.8512,16718728906.766327
2026-05-07 00:00:00 UTC,2291.302591374564,283737319082.1199,20992171634.479675
2026-05-08 00:00:00 UTC,2307.470372982362,276530674286.61005,21299616498.374397
2026-05-09 00:00:00 UTC,2327.1639474602157,278481484608.0288,18584836408.061428
2026-05-10 00:00:00 UTC,2369.9648714985337,280857616089.8406,11176158889.11686
2026-05-11 00:00:00 UTC,2338.59446825004,286023012112.36975,17894035453.03701
2026-05-12 00:00:00 UTC,2275.747322631228,282236853919.4963,14173141323.149693
2026-05-13 00:00:00 UTC,2258.4839088491867,274651656906.35928,14548238977.439606
2026-05-14 00:00:00 UTC,2282.595746277603,272567919519.1197,13894697752.532177
2026-05-15 00:00:00 UTC,2223.9374886817177,275477745070.3736,16191988437.405981
2026-05-16 00:00:00 UTC,2180.0891100856325,268398316551.5641,16707284931.9336
2026-05-17 00:00:00 UTC,2130.749230126177,263105887893.18088,10440765468.705359
2026-05-18 00:00:00 UTC,2128.8927623239815,257151151560.93878,9346279089.585968
2026-05-19 00:00:00 UTC,2109.3421375885023,256927014216.71082,18504025914.851704
2026-05-20 00:00:00 UTC,2127.468931683584,254567432222.94888,11250808873.19399
2026-05-21 00:00:00 UTC,2132.1443703600044,256754993448.5723,11238421745.282204
2026-05-22 00:00:00 UTC,2064.039749218924,257319162066.26633,13355202447.22478
2026-05-23 00:00:00 UTC,2116.4299126571727,249099851766.95044,12336915364.541262
2026-05-24 00:00:00 UTC,2097.6582568011895,255422534247.0047,15645737334.490585
2026-05-25 00:00:00 UTC,2110.5929717502054,253157019396.1855,9972550889.11964
2026-05-26 00:00:00 UTC,2072.3492159738144,254718006828.523,9506066145.888752
2026-05-27 00:00:00 UTC,2022.465974317952,250102478155.41592,14155757179.744965
2026-05-28 00:00:00 UTC,2008.1144631178963,244082228718.45593,13111439048.810225
2026-05-29 00:00:00 UTC,2012.5607890669655,242350127914.89413,16340884014.098196
2026-05-30 00:00:00 UTC,2021.665390940461,242886602421.65924,13631910773.179047
2026-05-31 00:00:00 UTC,2005.0520566280852,243985261872.80014,7309721337.815556
2026-06-01 00:00:00 UTC,2003.5794472377934,241980194646.4275,8798577983.65509
2026-06-02 00:00:00 UTC,1858.3640479335945,241802405659.34933,17641251039.019615
2026-06-03 00:00:00 UTC,1811.7149905120527,224276922375.7809,22398056413.249477
2026-06-04 00:00:00 UTC,1769.0317333338,218646847414.9501,22460032720.27168
2026-06-05 00:00:00 UTC,1582.4588294507628,213495452809.0861,25717635461.02949
2026-06-06 00:00:00 UTC,1568.7027946407661,190978752181.88416,38205353386.90695
2026-06-07 00:00:00 UTC,1687.8826846141703,189318197707.50336,18640275407.494694
2026-06-08 00:00:00 UTC,1690.4950851700783,203701307543.392,16062772861.618362
2026-06-09 00:00:00 UTC,1638.7504135601862,204016538883.978,17032455956.759356
2026-06-10 00:00:00 UTC,1620.917390707054,197771660387.75195,14438363030.352573
2026-06-11 00:00:00 UTC,1671.86904676229,195619412992.2519,12687812229.500313
2026-06-12 00:00:00 UTC,1665.5551249935475,201768387468.37537,12635592497.522842
2026-06-13 00:00:00 UTC,1680.3055520030994,201006326715.53604,10271188237.766333
2026-06-14 00:00:00 UTC,1725.448928079916,202786394956.7776,6441342040.178422
2026-06-15 00:00:00 UTC,1794.9576599037732,208234439253.2255,8722419528.693426
2026-06-16 00:00:00 UTC,1791.3886783051394,216622998493.3419,17421141494.745083
2026-06-17 00:00:00 UTC,1748.7549735206103,216192147348.88727,14895312465.041277
2026-06-18 00:00:00 UTC,1710.079110757131,211046873391.0524,14238667168.314316
2026-06-19 00:00:00 UTC,1708.87855388619,206379242687.9148,13166567999.261673
2026-06-20 00:00:00 UTC,1739.2769352743533,206234250069.17407,8744393544.88749
2026-06-21 00:00:00 UTC,1704.9130137257484,209902786728.71887,8660156114.59372
2026-06-22 00:00:00 UTC,1725.1620208904676,205755555330.1328,9501777100.678152
2026-06-23 00:00:00 UTC,1665.7162407218393,208199241296.49207,14844534842.973106
2026-06-24 00:00:00 UTC,1620.6434082953833,201025025282.61243,11028765091.96417
2026-06-25 00:00:00 UTC,1566.0081297519519,195585379105.89435,14564492017.893734
2026-06-26 00:00:00 UTC,1576.9176481850786,188991665755.70743,15715979048.939772
2026-06-27 00:00:00 UTC,1571.9371269098212,190308081815.48938,15385677746.031172
2026-06-28 00:00:00 UTC,1570.0805519413402,189706894652.55972,6488596779.477047
2026-06-29 00:00:00 UTC,1609.751185572177,189482804157.67572,6688950133.242254
2026-06-30 00:00:00 UTC,1569.8271747749748,194270370492.90536,12257591853.273031
2026-07-01 00:00:00 UTC,1608.254387223296,189452148354.94492,9776507854.22924
2026-07-02 00:00:00 UTC,1698.5610521616197,194089602864.7811,11965520976.255758
2026-07-03 00:00:00 UTC,1756.9804642496356,204988032961.64233,13732855612.657272
2026-07-04 00:00:00 UTC,1779.908385139636,212038138510.35922,10305574832.445166
2026-07-05 00:00:00 UTC,1784.2622991817525,214805111963.64227,8250450293.077493
2026-07-06 00:00:00 UTC,1798.557105022033,215330521708.11813,10890625673.403336
2026-07-07 00:00:00 UTC,1771.2223954004269,217055626708.547,16362634630.524921
2026-07-08 00:00:00 UTC,1742.2494536901065,213756723632.7925,9863305816.642056
2026-07-09 00:00:00 UTC,1744.6953884606253,210260122320.1991,10424310698.384363
2026-07-10 00:00:00 UTC,1795.2394655119474,210555249028.31128,7463353201.529596
2026-07-11 00:00:00 UTC,1787.9485944322748,216655030211.1195,8967123815.261372
2026-07-12 00:00:00 UTC,1805.4862853704624,215775095411.18936,6693222695.327211
2026-07-13 00:00:00 UTC,1774.0909253483635,217891552265.4176,6029403660.551113
2026-07-14 00:00:00 UTC,1890.3093923843837,214102634317.62497,10937935597.693302
2026-07-15 00:00:00 UTC,1916.7586464879018,228128182150.20947,13672614153.992453
2026-07-16 00:00:00 UTC,1863.0065007127855,231320074235.7647,11778781495.282999
2026-07-17 00:00:00 UTC,1840.7681193183653,224833051309.7742,10783158385.916962
2026-07-18 00:00:00 UTC,1862.32234801627,222149185555.00424,10022919662.432865
2026-07-19 00:00:00 UTC,1870.8170349782704,224750368580.7533,4987957002.308284
2026-07-20 00:00:00 UTC,1901.7735152870935,225775502701.29886,6954436039.274067
2026-07-21 00:00:00 UTC,1928.6558956703082,229511401059.90768,11562172058.259706
2026-07-22 00:00:00 UTC,1933.4132583162384,232755599657.75903,11705227603.004368
2026-07-23 00:00:00 UTC,1877.460607698635,233329678635.40228,10248156689.026426
2026-07-24 00:00:00 UTC,1860.4425012275274,226577108826.6929,9329058790.648285
2026-07-25 00:00:00 UTC,1874.4572768280736,224523247342.9193,8648456718.721657
2026-07-26 00:00:00 UTC,1952.9020070235085,226214537314.7256,4560080660.27285
2026-07-27 00:00:00 UTC,1890.4523208978708,235681418276.19308,6005093960.158514
2026-07-28 00:00:00 UTC,1920.4888660862466,228144769040.5725,11880592085.099258
2026-07-29 00:00:00 UTC,1908.7417326276595,231769590224.5733,10140108111.11028
2026-07-30 00:00:00 UTC,1917.5713635462077,230351833088.13193,10381004662.332052
2026-07-31 00:00:00 UTC,1860.5923268286904,231417322457.43652,7233808983.066724
2026-08-01 00:00:00 UTC,1843.443563411847,224540624044.67694,8983553463.1014
2026-08-02 00:00:00 UTC,1882.9305589557664,222470943765.64313,4357579694.724913
2026-08-03 00:00:00 UTC,1858.5376969949996,227236303688.18417,5173055599.256301
2026-08-04 00:00:00 UTC,1868.621381582403,224292495927.8464,6905850664.836938
2026-08-05 00:00:00 UTC,1907.4360439632449,225509357776.2601,7025816689.849928
2026-08-06 00:00:00 UTC,1902.1622720657638,230193525056.68658,8719148747.985065
2026-08-07 00:00:00 UTC,1912.9851571036106,229557018282.317,7041288910.521751
2026-08-08 00:00:00 UTC,1915.447810935271,230863088055.06393,7937017648.61706
2026-08-09 00:00:00 UTC,1908.940734099038,231160234746.49893,3398047722.2540674
2026-08-10 00:00:00 UTC,1871.3976551883159,230374924394.0449,4015296300.504261
2026-08-11 00:00:00 UTC,1880.4862005694617,225844119567.10123,7444257808.359959
2026-08-12 00:00:00 UTC,1877.743530062547,226940902767.18845,7012585474.087628
2026-08-13 00:00:00 UTC,1884.3941576877892,226609870971.63812,6676533766.105008
2026-08-14 00:00:00 UTC,1880.3285280890423,227412442314.981,6176486165.813991
2026-08-15 00:00:00 UTC,1880.9591561894488,226921756396.83118,4955816205.526191
2026-08-16 00:00:00 UTC,1874.401898191962,226997824776.81827,2840242427.939262
2026-08-17 00:00:00 UTC,1912.2734691708965,226206460858.21567,3309436095.6191325
2026-08-18 00:00:00 UTC,1916.3998901478055,230776857469.4575,6844360576.180716
2026-08-19 00:00:00 UTC,2251.7346140069594,231274812706.7942,5993977856.00991
2026-08-20 00:00:00 UTC,2326.5282334236576,271743603539.60367,27730489153.053757
2026-08-21 00:00:00 UTC,2514.967577695514,280769475212.28674,25176787742.312656
2026-08-22 00:00:00 UTC,2423.4127407436827,303510532650.1589,31043603228.171097
2026-08-23 00:00:00 UTC,2462.403924751607,292461262953.4871,20488463662.617588
2026-08-24 00:00:00 UTC,2481.879430655568,297166690282.8374,16424823875.772726
2026-08-25 00:00:00 UTC,2442.0111121033965,299516952709.2971,20089039982.502842
2026-08-26 00:00:00 UTC,2506.3431057180687,294705081780.14966,15300244959.640041
2026-08-27 00:00:00 UTC,2511.461241063819,302468671992.12006,12215102857.703117
2026-08-28 00:00:00 UTC,2442.407614756763,303086274935.40906,15416430976.148985
2026-08-29 00:00:00 UTC,2457.089335222437,294752696360.4463,14972903066.684414
2026-08-30 00:00:00 UTC,2416.2418165172735,296524419464.6924,5355165833.843594
2026-08-31 00:00:00 UTC,2466.565659094493,291594867605.8527,10762275574.892046
2026-09-01 00:00:00 UTC,2417.6758884733536,297667970873.7225,12336663342.988674
2026-09-02 00:00:00 UTC,2390.783044679688,291767768408.91174,12760379027.821028
2026-09-03 00:00:00 UTC,2507.6482840896088,291704729861.0524,12772993324.596373
2026-09-04 00:00:00 UTC,2456.085066364875,305971011968.8528,16639170367.446753
2026-09-05 00:00:00 UTC,2480.0031686031184,299686660200.51276,16234345954.343023
2026-09-06 00:00:00 UTC,2514.0092688310365,302612300112.52106,6784086852.01072
2026-09-07 00:00:00 UTC,2489.3967543757462,306769108939.70807,9948019407.716267
2026-09-08 00:00:00 UTC,2485.0697039871584,303773075685.29297,11300837599.905233
2026-09-09 00:00:00 UTC,2467.529167979314,303252321699.8239,11965805217.194431
2026-09-10 00:00:00 UTC,2437.514812545618,301119066908.05597,13328861510.407354
2026-09-11 00:00:00 UTC,2514.846819245876,297463477324.3543,15266781786.913017
2026-09-12 00:00:00 UTC,2525.267261590238,306908073951.8628,24774688367.63771
2026-09-13 00:00:00 UTC,2476.682526163658,308187084056.6601,7645722055.298775
2026-09-14 00:00:00 UTC,2514.759550467769,302264990103.7054,9592266575.143324
2026-09-15 00:00:00 UTC,2397.4972601650115,306919471184.89514,16123922989.756006
2026-09-16 00:00:00 UTC,2415.9596535242995,292614926206.1527,19487916667.87325
2026-09-17 00:00:00 UTC,2446.143252227872,294875323390.85944,15793566275.442846
2026-09-18 00:00:00 UTC,2611.5555571198493,298566484290.6061,11943767083.350086
2026-09-19 00:00:00 UTC,2632.0095970320526,318763679004.78766,23593939177.26936
2026-09-20 00:00:00 UTC,"",321267925139.67786,11034395644.108103
